node_num,node_id,concept_type,name,tier,created_at,first_seen_batch,last_seen_batch,profile_id
1907,concept_domain_e19086aaa18e,Domain,History,1,"2026-04-07 12:35:39",groq_batch_13r_outputs.normalized,groq_batch_13r_outputs.normalized,
1908,concept_domain_1b0fc624c2e1,Domain,"Political Science",1,"2026-04-07 12:35:39",groq_batch_13r_outputs.normalized,groq_batch_13r_outputs.normalized,
1909,concept_domain_cee803d4cfc3,Domain,Sociology,1,"2026-04-07 12:35:39",groq_batch_13r_outputs.normalized,groq_batch_2r_outputs.normalized,
1910,concept_domain_0cb9c36cb6da,Domain,Ethics,1,"2026-04-07 12:35:39",groq_batch_13r_outputs.normalized,groq_batch_13r_outputs.normalized,
1911,concept_domain_68b5c531a430,Domain,"American Studies",1,"2026-04-07 12:35:39",groq_batch_13r_outputs.normalized,groq_batch_13r_outputs.normalized,
1912,concept_theme_7a0a498a851b,Theme,"Presidential Leadership",2,"2026-04-07 12:35:39",groq_batch_13r_outputs.normalized,groq_batch_13r_outputs.normalized,
1913,concept_theme_a9d4963e4af4,Theme,"Civil Rights Foundations",2,"2026-04-07 12:35:39",groq_batch_13r_outputs.normalized,groq_batch_13r_outputs.normalized,
1914,concept_theme_7252661eddc1,Theme,"Racism & Anti‑Racism Discourse",2,"2026-04-07 12:35:39",groq_batch_13r_outputs.normalized,groq_batch_13r_outputs.normalized,
1915,concept_theme_1153174560cc,Theme,"Abolitionist Movements",2,"2026-04-07 12:35:39",groq_batch_13r_outputs.normalized,groq_batch_13r_outputs.normalized,
1916,concept_theme_fdb178f712b2,Theme,"Native American Policy",2,"2026-04-07 12:35:39",groq_batch_13r_outputs.normalized,groq_batch_13r_outputs.normalized,
1917,concept_theme_e2d0e38cfde1,Theme,"Reconstruction Era",2,"2026-04-07 12:35:39",groq_batch_13r_outputs.normalized,groq_batch_13r_outputs.normalized,
1918,concept_theme_820db04b004d,Theme,"Political Ideology of Early Republic",2,"2026-04-07 12:35:39",groq_batch_13r_outputs.normalized,groq_batch_13r_outputs.normalized,
1919,concept_theme_297d28a28e80,Theme,"Modern Interpretations of Historical Figures",2,"2026-04-07 12:35:39",groq_batch_13r_outputs.normalized,groq_batch_13r_outputs.normalized,
1920,concept_person_8240af5ee220,Person,"Abraham Lincoln",3,"2026-04-07 12:35:39",groq_batch_13r_outputs.normalized,groq_batch_13r_outputs.normalized,
1921,concept_person_5ebf778f5317,Person,"Ulysses S. Grant",3,"2026-04-07 12:35:39",groq_batch_13r_outputs.normalized,groq_batch_13r_outputs.normalized,
1922,concept_person_21f27c1e1465,Person,"Warren G. Harding",3,"2026-04-07 12:35:39",groq_batch_13r_outputs.normalized,groq_batch_13r_outputs.normalized,
1923,concept_person_e44b6c0c3af3,Person,"John Adams",3,"2026-04-07 12:35:39",groq_batch_13r_outputs.normalized,groq_batch_13r_outputs.normalized,
1924,concept_person_f6c4b3732059,Person,"John Quincy Adams",3,"2026-04-07 12:35:39",groq_batch_13r_outputs.normalized,groq_batch_13r_outputs.normalized,
1925,concept_event_2b3c90ec0ea9,Event,"13th Amendment",3,"2026-04-07 12:35:39",groq_batch_13r_outputs.normalized,groq_batch_13r_outputs.normalized,
1926,concept_event_00d56a9ad99d,Event,"Reconstruction Acts",3,"2026-04-07 12:35:39",groq_batch_13r_outputs.normalized,groq_batch_13r_outputs.normalized,
1927,concept_event_3f0cb2a18c66,Event,"Amistad case",3,"2026-04-07 12:35:39",groq_batch_13r_outputs.normalized,groq_batch_13r_outputs.normalized,
1928,concept_concept_e2ca4ff60c78,Concept,"Monroe Doctrine",3,"2026-04-07 12:35:39",groq_batch_13r_outputs.normalized,groq_batch_13r_outputs.normalized,
1929,concept_concept_106d6f9b3f78,Concept,"Civil Rights Movement",3,"2026-04-07 12:35:39",groq_batch_13r_outputs.normalized,groq_batch_13r_outputs.normalized,
1930,concept_concept_7e033ea7ea53,Concept,"Anti‑racism",3,"2026-04-07 12:35:39",groq_batch_13r_outputs.normalized,groq_batch_13r_outputs.normalized,
1931,concept_concept_6407111ba2a4,Concept,"Non‑racist leadership",3,"2026-04-07 12:35:39",groq_batch_13r_outputs.normalized,groq_batch_13r_outputs.normalized,
1932,concept_event_1afdd4884d52,Event,"Gag Rule (Congress)",3,"2026-04-07 12:35:39",groq_batch_13r_outputs.normalized,groq_batch_13r_outputs.normalized,
1933,concept_person_c6b32b63db61,Person,"Frederick Douglass",3,"2026-04-07 12:35:39",groq_batch_13r_outputs.normalized,groq_batch_13r_outputs.normalized,
1934,concept_insight_b28bdff91700,Insight,"""All men are born free and equal"" – phrase in Massachusetts Constitution used by Elizabeth Freeman t",4,"2026-04-07 12:35:39",groq_batch_13r_outputs.normalized,groq_batch_13r_outputs.normalized,
1935,concept_insight_f53b22048880,Insight,"Lincoln’s early colonization ideas (sending freed slaves to Africa) show his anti‑slavery stance was",4,"2026-04-07 12:35:39",groq_batch_13r_outputs.normalized,groq_batch_13r_outputs.normalized,
1936,concept_insight_47838f281218,Insight,"Grant’s memoir quote: “As time passes, people… will begin to wonder how it was possible that their a",4,"2026-04-07 12:35:39",groq_batch_13r_outputs.normalized,groq_batch_13r_outputs.normalized,
1937,concept_insight_dcf5570de78a,Insight,"Harding publicly condemned segregation and lynchings, yet no major anti‑racist legislation passed du",4,"2026-04-07 12:35:39",groq_batch_13r_outputs.normalized,groq_batch_13r_outputs.normalized,
1938,concept_insight_64e732b75dd6,Insight,"John Quincy Adams authored much of what became the Monroe Doctrine, reflecting a modern view on Nati",4,"2026-04-07 12:35:39",groq_batch_13r_outputs.normalized,groq_batch_13r_outputs.normalized,
1939,concept_insight_905000696726,Insight,"The congressional “gag rule” was enacted to silence John Quincy Adams on slavery, indicating his out",4,"2026-04-07 12:35:39",groq_batch_13r_outputs.normalized,groq_batch_13r_outputs.normalized,
1940,concept_domain_856e8d2e7ee2,Domain,"Modern History",1,"2026-04-07 12:35:39",groq_batch_13r_outputs.normalized,groq_batch_13r_outputs.normalized,
1941,concept_domain_c3b6f5840cc9,Domain,"International Relations",1,"2026-04-07 12:35:39",groq_batch_13r_outputs.normalized,groq_batch_13r_outputs.normalized,
1942,concept_domain_caee2af76561,Domain,"Security Studies",1,"2026-04-07 12:35:39",groq_batch_13r_outputs.normalized,groq_batch_13r_outputs.normalized,
1943,concept_domain_53bbdf8cb7ec,Domain,"Counterfactual Thought Experiments",1,"2026-04-07 12:35:39",groq_batch_13r_outputs.normalized,groq_batch_13r_outputs.normalized,
1944,concept_theme_7972f0e7e448,Theme,"US presidential decision‑making",2,"2026-04-07 12:35:39",groq_batch_13r_outputs.normalized,groq_batch_13r_outputs.normalized,
1945,concept_theme_ef4a5f63202e,Theme,"Neoconservative influence",2,"2026-04-07 12:35:39",groq_batch_13r_outputs.normalized,groq_batch_13r_outputs.normalized,
1946,concept_theme_a1985c85fa2e,Theme,"Afghanistan invasion post‑9/11",2,"2026-04-07 12:35:39",groq_batch_13r_outputs.normalized,groq_batch_13r_outputs.normalized,
1947,concept_theme_fa5840fd8c6b,Theme,"Iraq War origins and alternatives",2,"2026-04-07 12:35:39",groq_batch_13r_outputs.normalized,groq_batch_13r_outputs.normalized,
1948,concept_theme_24dd1ca79d25,Theme,"Intelligence failures and warnings",2,"2026-04-07 12:35:39",groq_batch_13r_outputs.normalized,groq_batch_13r_outputs.normalized,
1949,concept_theme_745975005936,Theme,"Nuclear proliferation deterrence",2,"2026-04-07 12:35:39",groq_batch_13r_outputs.normalized,groq_batch_13r_outputs.normalized,
1950,concept_theme_cc4b66d16c07,Theme,"Operation Infinite Reach (1998)",2,"2026-04-07 12:35:39",groq_batch_13r_outputs.normalized,groq_batch_13r_outputs.normalized,
1951,concept_theme_1113530e106b,Theme,"1993 World Trade Center bombing case study",2,"2026-04-07 12:35:39",groq_batch_13r_outputs.normalized,groq_batch_13r_outputs.normalized,
1952,concept_person_a334dbd6bdf5,Person,"Bill Clinton",3,"2026-04-07 12:35:39",groq_batch_13r_outputs.normalized,groq_batch_13r_outputs.normalized,
1953,concept_person_da9b195bd690,Person,"George W. Bush",3,"2026-04-07 12:35:39",groq_batch_13r_outputs.normalized,groq_batch_13r_outputs.normalized,
1954,concept_event_cabbaa68cbfe,Event,"9/11 attacks (2001)",3,"2026-04-07 12:35:39",groq_batch_13r_outputs.normalized,groq_batch_13r_outputs.normalized,
1955,concept_event_9861163e8d9e,Event,"Operation Infinite Reach",3,"2026-04-07 12:35:39",groq_batch_13r_outputs.normalized,groq_batch_13r_outputs.normalized,
1956,concept_concept_b4100f06ff66,Concept,"Neo‑conservatism",3,"2026-04-07 12:35:39",groq_batch_13r_outputs.normalized,groq_batch_13r_outputs.normalized,
1957,concept_event_51f88cef979a,Event,"Iraq War (2003)",3,"2026-04-07 12:35:39",groq_batch_13r_outputs.normalized,groq_batch_13r_outputs.normalized,
1958,concept_event_72a5e6049f14,Event,"Afghanistan invasion (2001)",3,"2026-04-07 12:35:39",groq_batch_13r_outputs.normalized,groq_batch_13r_outputs.normalized,
1959,concept_person_04f6a21252a0,Person,"Bin Laden",3,"2026-04-07 12:35:39",groq_batch_13r_outputs.normalized,groq_batch_13r_outputs.normalized,
1960,concept_person_fe864868902c,Person,"Emad Salem (FBI informant)",3,"2026-04-07 12:35:39",groq_batch_13r_outputs.normalized,groq_batch_13r_outputs.normalized,
1961,concept_problem_f51fb4657608,Problem,"FBI intelligence failures",3,"2026-04-07 12:35:39",groq_batch_13r_outputs.normalized,groq_batch_13r_outputs.normalized,
1962,concept_concept_7802f292d33f,Concept,"Nuclear deterrence theory",3,"2026-04-07 12:35:39",groq_batch_13r_outputs.normalized,groq_batch_13r_outputs.normalized,
1963,concept_framework_db5e2f336086,Framework,"Counterfactual history methodology",3,"2026-04-07 12:35:39",groq_batch_13r_outputs.normalized,groq_batch_13r_outputs.normalized,
1964,concept_insight_76798d343b6e,Insight,"""Every president would have invaded Afghanistan, and rightly so. But I’d argue, if a Neo con wasn’t ",4,"2026-04-07 12:35:39",groq_batch_13r_outputs.normalized,groq_batch_13r_outputs.normalized,
1965,concept_insight_1694192f1956,Insight,"""The US and UK threatened to invade Iraq in 1998. The conflict didn’t arise out of nowhere. It was b",4,"2026-04-07 12:35:39",groq_batch_13r_outputs.normalized,groq_batch_13r_outputs.normalized,
1966,concept_insight_efd382c67ae4,Insight,"""Operation Infinite Reach. Clinton did bomb Afghanistan Al‑Qaeda camps to try to kill Bin Laden. It ",4,"2026-04-07 12:35:39",groq_batch_13r_outputs.normalized,groq_batch_13r_outputs.normalized,
1967,concept_insight_5cbd97b72edb,Insight,"""Bush's intel team famously disregarded a report given by the Clinton team during the transition ent",4,"2026-04-07 12:35:39",groq_batch_13r_outputs.normalized,groq_batch_13r_outputs.normalized,
1968,concept_insight_90e67928fa24,Insight,"The speculation that without the Clinton sex scandal he might have focused more on terrorism, potent",4,"2026-04-07 12:35:39",groq_batch_13r_outputs.normalized,groq_batch_13r_outputs.normalized,
1969,concept_insight_21742a43c3c1,Insight,"Libya gave up its WMD program after the 2003 invasion of Iraq, suggesting a possible link between Ir",4,"2026-04-07 12:35:39",groq_batch_13r_outputs.normalized,groq_batch_13r_outputs.normalized,
1970,concept_insight_228a5959e8f3,Insight,"The 1993 World Trade Center bombing informant Emad Salem warned the FBI, but his warnings were dismi",4,"2026-04-07 12:35:39",groq_batch_13r_outputs.normalized,groq_batch_13r_outputs.normalized,
1971,concept_insight_bccfe5e808c0,Insight,"Idea that neo‑con theories view 9/11 as a pretext for invading Iraq for alleged nuclear weapons that",4,"2026-04-07 12:35:39",groq_batch_13r_outputs.normalized,groq_batch_13r_outputs.normalized,
1972,concept_domain_db4d9c3bc628,Domain,Archaeology,1,"2026-04-07 12:35:39",groq_batch_13r_outputs.normalized,groq_batch_13r_outputs.normalized,
1973,concept_domain_7049e80c45da,Domain,Genetics,1,"2026-04-07 12:35:39",groq_batch_13r_outputs.normalized,groq_batch_13r_outputs.normalized,
1974,concept_domain_2d54c8b8873f,Domain,Linguistics,1,"2026-04-07 12:35:39",groq_batch_13r_outputs.normalized,groq_batch_13r_outputs.normalized,
1975,concept_domain_ff2a5f10eba0,Domain,Anthropology,1,"2026-04-07 12:35:39",groq_batch_13r_outputs.normalized,groq_batch_13r_outputs.normalized,
1976,concept_theme_e4e9b6a01aa0,Theme,"Indo-European migrations",2,"2026-04-07 12:35:39",groq_batch_13r_outputs.normalized,groq_batch_13r_outputs.normalized,
1977,concept_theme_ae185a7e89ba,Theme,"Vedic literature and geography",2,"2026-04-07 12:35:39",groq_batch_13r_outputs.normalized,groq_batch_13r_outputs.normalized,
1978,concept_theme_bda16218d10a,Theme,"Indus Valley Civilization collapse",2,"2026-04-07 12:35:39",groq_batch_13r_outputs.normalized,groq_batch_13r_outputs.normalized,
1979,concept_theme_0b2bdbaf1512,Theme,"Genetic markers R1a and mtDNA",2,"2026-04-07 12:35:39",groq_batch_13r_outputs.normalized,groq_batch_13r_outputs.normalized,
1980,concept_theme_5cbed3fc17c4,Theme,"Climate‑driven migrations",2,"2026-04-07 12:35:39",groq_batch_13r_outputs.normalized,groq_batch_13r_outputs.normalized,
1981,concept_theme_12cbe3a27907,Theme,"Scholarly debates: Out of India Theory vs AMT",2,"2026-04-07 12:35:39",groq_batch_13r_outputs.normalized,groq_batch_13r_outputs.normalized,
1982,concept_theme_23cc79d4ac5d,Theme,"Script decipherment and language continuity",2,"2026-04-07 12:35:39",groq_batch_13r_outputs.normalized,groq_batch_13r_outputs.normalized,
1983,concept_theme_6881785e1d46,Theme,"Methodological critiques of archaeological evidence",2,"2026-04-07 12:35:39",groq_batch_13r_outputs.normalized,groq_batch_13r_outputs.normalized,
1984,concept_concept_4f802f6c07a5,Concept,"Aryan Migration Theory",3,"2026-04-07 12:35:39",groq_batch_13r_outputs.normalized,groq_batch_13r_outputs.normalized,
1985,concept_concept_cab28b5d6cf6,Concept,"Indo‑Iranian migrations",3,"2026-04-07 12:35:39",groq_batch_13r_outputs.normalized,groq_batch_13r_outputs.normalized,
1986,concept_concept_dce6aea418f2,Concept,"Proto‑Indo‑European (PIE)",3,"2026-04-07 12:35:39",groq_batch_13r_outputs.normalized,groq_batch_13r_outputs.normalized,
1987,concept_concept_6606129d4be1,Concept,Sanskrit,3,"2026-04-07 12:35:39",groq_batch_13r_outputs.normalized,groq_batch_13r_outputs.normalized,
1988,concept_concept_371b6e7c4c93,Concept,Vedas,3,"2026-04-07 12:35:39",groq_batch_13r_outputs.normalized,groq_batch_13r_outputs.normalized,
1989,concept_event_560deabc58ca,Event,"War of Ten Kings",3,"2026-04-07 12:35:39",groq_batch_13r_outputs.normalized,groq_batch_13r_outputs.normalized,
1990,concept_concept_0799453ba742,Concept,"Indus Valley Civilization",3,"2026-04-07 12:35:39",groq_batch_13r_outputs.normalized,groq_batch_13r_outputs.normalized,
1991,concept_event_d6be579f65ce,Event,"1900‑1700 BCE mega drought",3,"2026-04-07 12:35:39",groq_batch_13r_outputs.normalized,groq_batch_13r_outputs.normalized,
1992,concept_data_458967e395ea,Data,"Clay fired bricks (IVC)",3,"2026-04-07 12:35:39",groq_batch_13r_outputs.normalized,groq_batch_13r_outputs.normalized,
1993,concept_example_1305baf5a434,Example,"Swat Valley archaeological site",3,"2026-04-07 12:35:39",groq_batch_13r_outputs.normalized,groq_batch_13r_outputs.normalized,
1994,concept_project_846f086d0e0c,Project,"Narasimhan et al. 2019 paper",3,"2026-04-07 12:35:39",groq_batch_13r_outputs.normalized,groq_batch_13r_outputs.normalized,
1995,concept_data_fccd50be3d39,Data,"R1a Y‑chromosome haplogroup",3,"2026-04-07 12:35:39",groq_batch_13r_outputs.normalized,groq_batch_13r_outputs.normalized,
1996,concept_data_16f03d4e4c70,Data,"Steppe mtDNA (female)",3,"2026-04-07 12:35:39",groq_batch_13r_outputs.normalized,groq_batch_13r_outputs.normalized,
1997,concept_person_7694d49afe8d,Person,"S. R. Rao",3,"2026-04-07 12:35:39",groq_batch_13r_outputs.normalized,groq_batch_13r_outputs.normalized,
1998,concept_concept_ee5c67875d9b,Concept,"Out of India Theory (OIT)",3,"2026-04-07 12:35:39",groq_batch_13r_outputs.normalized,groq_batch_13r_outputs.normalized,
1999,concept_insight_5100b8166653,Insight,"Aryan is an adjective, not an ethnicity.",4,"2026-04-07 12:35:39",groq_batch_13r_outputs.normalized,groq_batch_13r_outputs.normalized,
2000,concept_insight_b463ef2a803e,Insight,"The Vedas do not reference any landmass outside the Indian subcontinent.",4,"2026-04-07 12:35:39",groq_batch_13r_outputs.normalized,groq_batch_13r_outputs.normalized,
2001,concept_insight_6417d9e86262,Insight,"IVC sites were abandoned between 1900 and 1700 BCE during a global mega drought.",4,"2026-04-07 12:35:39",groq_batch_13r_outputs.normalized,groq_batch_13r_outputs.normalized,
2002,concept_insight_6224d4eaa223,Insight,"Post‑drought, clay‑fired bricks disappear from the archaeological record, suggesting limited clay av",4,"2026-04-07 12:35:39",groq_batch_13r_outputs.normalized,groq_batch_13r_outputs.normalized,
2003,concept_domain_10549d935983,Domain,"Entertainment Industry",1,"2026-04-07 12:35:39",groq_batch_13r_outputs.normalized,groq_batch_13r_outputs.normalized,
2004,concept_domain_5326cf49f80e,Domain,"Psychology of Relationships",1,"2026-04-07 12:35:39",groq_batch_13r_outputs.normalized,groq_batch_2r_outputs.normalized,
2005,concept_domain_8925e91225ed,Domain,"Sociology of Celebrity Culture",1,"2026-04-07 12:35:39",groq_batch_13r_outputs.normalized,groq_batch_13r_outputs.normalized,
2006,concept_domain_823daac77dc4,Domain,"Media Studies",1,"2026-04-07 12:35:39",groq_batch_13r_outputs.normalized,groq_batch_2r_outputs.normalized,
2007,concept_domain_5dc11fbfb1c4,Domain,"Music Business",1,"2026-04-07 12:35:39",groq_batch_13r_outputs.normalized,groq_batch_13r_outputs.normalized,
2008,concept_theme_dbf2642a8ec3,Theme,"Impact of career workload on personal life",2,"2026-04-07 12:35:39",groq_batch_13r_outputs.normalized,groq_batch_13r_outputs.normalized,
2009,concept_theme_4f48ec3dc840,Theme,"Privacy vs public exposure in celebrity couples",2,"2026-04-07 12:35:39",groq_batch_13r_outputs.normalized,groq_batch_13r_outputs.normalized,
2010,concept_theme_8e269d61b3b7,Theme,"Pandemic as a catalyst for artistic shifts",2,"2026-04-07 12:35:39",groq_batch_13r_outputs.normalized,groq_batch_13r_outputs.normalized,
2011,concept_theme_a7fecbc80a27,Theme,"British acting culture and low‑key lifestyle",2,"2026-04-07 12:35:39",groq_batch_13r_outputs.normalized,groq_batch_13r_outputs.normalized,
2012,concept_theme_0adab5543235,Theme,"Media narratives and insider sources",2,"2026-04-07 12:35:39",groq_batch_13r_outputs.normalized,groq_batch_13r_outputs.normalized,
2013,concept_theme_7e9c10cc412b,Theme,"Fan perception of fame disparity",2,"2026-04-07 12:35:39",groq_batch_13r_outputs.normalized,groq_batch_13r_outputs.normalized,
2014,concept_theme_a13f57c75b49,Theme,"Re‑recording strategy and legacy control",2,"2026-04-07 12:35:39",groq_batch_13r_outputs.normalized,groq_batch_13r_outputs.normalized,
2015,concept_theme_4f6b17dc1d5d,Theme,"Tour scheduling and relationship logistics",2,"2026-04-07 12:35:39",groq_batch_13r_outputs.normalized,groq_batch_13r_outputs.normalized,
2016,concept_person_83c95af5001c,Person,"Taylor Swift",3,"2026-04-07 12:35:39",groq_batch_13r_outputs.normalized,groq_batch_13r_outputs.normalized,
2017,concept_person_ac4b64acdfab,Person,"Joe Alwyn",3,"2026-04-07 12:35:39",groq_batch_13r_outputs.normalized,groq_batch_13r_outputs.normalized,
2018,concept_project_d428c5714bd7,Project,"Midnights (album)",3,"2026-04-07 12:35:39",groq_batch_13r_outputs.normalized,groq_batch_13r_outputs.normalized,
2019,concept_project_f73071ba917f,Project,"Lover (album)",3,"2026-04-07 12:35:39",groq_batch_13r_outputs.normalized,groq_batch_13r_outputs.normalized,
2020,concept_project_5a7680340f1e,Project,"Folklore (album)",3,"2026-04-07 12:35:39",groq_batch_13r_outputs.normalized,groq_batch_13r_outputs.normalized,
2021,concept_project_2cf91f7afc68,Project,"Evermore (album)",3,"2026-04-07 12:35:39",groq_batch_13r_outputs.normalized,groq_batch_13r_outputs.normalized,
2022,concept_event_0c8b8d0dc95f,Event,"Eras Tour",3,"2026-04-07 12:35:39",groq_batch_13r_outputs.normalized,groq_batch_13r_outputs.normalized,
2023,concept_event_20b4a47b8b62,Event,"Pandemic (COVID‑19)",3,"2026-04-07 12:35:39",groq_batch_13r_outputs.normalized,groq_batch_13r_outputs.normalized,
2024,concept_person_67306b016d0a,Person,"Tree Paine (publicist)",3,"2026-04-07 12:35:39",groq_batch_13r_outputs.normalized,groq_batch_13r_outputs.normalized,
2025,concept_organization_e2e89d036d4e,Organization,"Grammy Awards",3,"2026-04-07 12:35:39",groq_batch_13r_outputs.normalized,groq_batch_13r_outputs.normalized,
2026,concept_project_67b77cb8335b,Project,"Conversations with Friends (TV series)",3,"2026-04-07 12:35:39",groq_batch_13r_outputs.normalized,groq_batch_13r_outputs.normalized,
2027,concept_concept_107a1b377f11,Concept,"British acting low‑key ethos",3,"2026-04-07 12:35:39",groq_batch_13r_outputs.normalized,groq_batch_13r_outputs.normalized,
2028,concept_concept_6a1271aaf29b,Concept,"Privacy in celebrity relationships",3,"2026-04-07 12:35:39",groq_batch_13r_outputs.normalized,groq_batch_13r_outputs.normalized,
2029,concept_concept_b37d41b0a351,Concept,"Fame disparity perception",3,"2026-04-07 12:35:39",groq_batch_13r_outputs.normalized,groq_batch_13r_outputs.normalized,
2030,concept_framework_422f1769eb93,Framework,"Re‑recording strategy",3,"2026-04-07 12:35:39",groq_batch_13r_outputs.normalized,groq_batch_13r_outputs.normalized,
2031,concept_insight_5765b9b1a563,Insight,"""Would it be enough if I could never give you peace?"" – recurring comment reflecting perceived emoti",4,"2026-04-07 12:35:39",groq_batch_13r_outputs.normalized,groq_batch_13r_outputs.normalized,
2032,concept_insight_ecf42d44dda0,Insight,"Taylor’s workload: writing/releasing Midnights, re‑recordings, tour planning, directing a movie – a ",4,"2026-04-07 12:35:39",groq_batch_13r_outputs.normalized,groq_batch_13r_outputs.normalized,
2033,concept_insight_c255bd97a3f2,Insight,"Pandemic halted touring, leading to Folklore/Evermore era; critics praised the shift, possibly alter",4,"2026-04-07 12:35:39",groq_batch_13r_outputs.normalized,groq_batch_13r_outputs.normalized,
2034,concept_insight_069b1c17faf8,Insight,"Joe Alwyn prefers steady, low‑key film work over blockbuster fame, suggesting a mismatch with Taylor",4,"2026-04-07 12:35:39",groq_batch_13r_outputs.normalized,groq_batch_13r_outputs.normalized,
2035,concept_insight_eb7ab978da76,Insight,"Fans label Joe as “bitter” about Taylor’s success, but British actors often view acting as a job, no",4,"2026-04-07 12:35:39",groq_batch_13r_outputs.normalized,groq_batch_13r_outputs.normalized,
2036,concept_insight_3d2cf9ee6805,Insight,"Repeated mentions of a “source close to Swift and Alwyn” likely refer to publicist Tree Paine, highl",4,"2026-04-07 12:35:39",groq_batch_13r_outputs.normalized,groq_batch_13r_outputs.normalized,
2037,concept_insight_339acd0dccdd,Insight,"Observation: “It’s gonna take a special person to date one of the biggest/busiest/most popular celeb",4,"2026-04-07 12:35:39",groq_batch_13r_outputs.normalized,groq_batch_13r_outputs.normalized,
2038,concept_insight_4317806b9f80,Insight,"Commentary on the extensive support staff (chefs, stylists, security) that creates a revolving‑door ",4,"2026-04-07 12:35:39",groq_batch_13r_outputs.normalized,groq_batch_13r_outputs.normalized,
2039,concept_domain_1602bd03169f,Domain,Psychology,1,"2026-04-07 12:35:39",groq_batch_13r_outputs.normalized,groq_batch_2r_outputs.normalized,
2040,concept_domain_e8f8911d9105,Domain,Education,1,"2026-04-07 12:35:39",groq_batch_13r_outputs.normalized,groq_batch_13r_outputs.normalized,
2041,concept_domain_86d37f6c96c1,Domain,Philosophy,1,"2026-04-07 12:35:39",groq_batch_13r_outputs.normalized,groq_batch_2r_outputs.normalized,
2042,concept_theme_f156a24f6899,Theme,"Anti‑intellectualism",2,"2026-04-07 12:35:39",groq_batch_13r_outputs.normalized,groq_batch_13r_outputs.normalized,
2043,concept_theme_2c6c49c54bbd,Theme,"Critical thinking deficits",2,"2026-04-07 12:35:39",groq_batch_13r_outputs.normalized,groq_batch_13r_outputs.normalized,
2044,concept_theme_77353817aa33,Theme,"Media consumption habits (TikTok, scrolling)",2,"2026-04-07 12:35:39",groq_batch_13r_outputs.normalized,groq_batch_13r_outputs.normalized,
2045,concept_theme_c0edc0bf578f,Theme,"Work‑culture fatigue (9‑5 routine)",2,"2026-04-07 12:35:39",groq_batch_13r_outputs.normalized,groq_batch_13r_outputs.normalized,
2046,concept_theme_9bad5ae05f7a,Theme,"Neoliberal capitalism",2,"2026-04-07 12:35:39",groq_batch_13r_outputs.normalized,groq_batch_13r_outputs.normalized,
2047,concept_theme_72d3351703a6,Theme,"Pavlovian conditioning in advertising",2,"2026-04-07 12:35:39",groq_batch_13r_outputs.normalized,groq_batch_13r_outputs.normalized,
2048,concept_theme_01d7c3fc0160,Theme,"Social lens vs. systems thinking",2,"2026-04-07 12:35:39",groq_batch_13r_outputs.normalized,groq_batch_13r_outputs.normalized,
2049,concept_theme_d1bb3a733135,Theme,"Pedagogical reform",2,"2026-04-07 12:35:39",groq_batch_13r_outputs.normalized,groq_batch_13r_outputs.normalized,
2050,concept_concept_65b51cb5f8d8,Concept,"Intellectual curiosity",3,"2026-04-07 12:35:39",groq_batch_13r_outputs.normalized,groq_batch_13r_outputs.normalized,
2051,concept_problem_62f72052d5e3,Problem,"Anti‑intellectualism",3,"2026-04-07 12:35:39",groq_batch_13r_outputs.normalized,groq_batch_13r_outputs.normalized,
2052,concept_framework_4852c58bccb3,Framework,"Critical thinking education",3,"2026-04-07 12:35:39",groq_batch_13r_outputs.normalized,groq_batch_13r_outputs.normalized,
2053,concept_concept_acee6882cb32,Concept,"Neoliberal oligarchy",3,"2026-04-07 12:35:39",groq_batch_13r_outputs.normalized,groq_batch_13r_outputs.normalized,
2054,concept_concept_c6249fcaa743,Concept,"Pavlovian conditioning (advertising)",3,"2026-04-07 12:35:39",groq_batch_13r_outputs.normalized,groq_batch_13r_outputs.normalized,
2055,concept_quote_9d5da0e072f7,Quote,"NPC metaphor for unthinking masses",3,"2026-04-07 12:35:39",groq_batch_13r_outputs.normalized,groq_batch_13r_outputs.normalized,
2056,concept_example_2c2b6b199fd7,Example,"TikTok scroll loop",3,"2026-04-07 12:35:39",groq_batch_13r_outputs.normalized,groq_batch_13r_outputs.normalized,
2057,concept_example_002bbaf681b5,Example,"9‑5 work routine",3,"2026-04-07 12:35:39",groq_batch_13r_outputs.normalized,groq_batch_13r_outputs.normalized,
2058,concept_problem_7e804a096195,Problem,"Self‑help industry exploitation",3,"2026-04-07 12:35:39",groq_batch_13r_outputs.normalized,groq_batch_13r_outputs.normalized,
2059,concept_quote_50fadc9cb514,Quote,"Henry Ford on educated public",3,"2026-04-07 12:35:39",groq_batch_13r_outputs.normalized,groq_batch_13r_outputs.normalized,
2060,concept_concept_88bb6fcdb482,Concept,"Social conformity / pecking order",3,"2026-04-07 12:35:39",groq_batch_13r_outputs.normalized,groq_batch_13r_outputs.normalized,
2061,concept_concept_8c0501b9a7a4,Concept,"Sensory overload in dense cities",3,"2026-04-07 12:35:39",groq_batch_13r_outputs.normalized,groq_batch_13r_outputs.normalized,
2062,concept_insight_f2364366b111,Insight,"""80‑98% of people are content to do their 9‑5 then scroll TikTok and repeat all day every day.""",4,"2026-04-07 12:35:39",groq_batch_13r_outputs.normalized,groq_batch_13r_outputs.normalized,
2063,concept_insight_b297b21c0778,Insight,"""When people don't use their brain, it becomes easy for charlatans (e.g., politicians) to brainwash ",4,"2026-04-07 12:35:39",groq_batch_13r_outputs.normalized,groq_batch_13r_outputs.normalized,
2064,concept_insight_88b1b52e8dca,Insight,"""Are we Pavlov's dogs to be tricked like this?""",4,"2026-04-07 12:35:39",groq_batch_13r_outputs.normalized,groq_batch_13r_outputs.normalized,
2065,concept_insight_7a031f02124a,Insight,"""Anti‑intellectualism is high on the list of societal problems.""",4,"2026-04-07 12:35:39",groq_batch_13r_outputs.normalized,groq_batch_13r_outputs.normalized,
2066,concept_insight_0a53ef175f33,Insight,"""People primarily view the world through a social lens, caring about community and status more than ",4,"2026-04-07 12:35:39",groq_batch_13r_outputs.normalized,groq_batch_13r_outputs.normalized,
2067,concept_insight_de31ee28a40b,Insight,"""The education system in the US achieved this anti‑intellectual state within a few years.""",4,"2026-04-07 12:35:39",groq_batch_13r_outputs.normalized,groq_batch_13r_outputs.normalized,
2068,concept_insight_b17947dfee84,Insight,"""Frustration stems from seeing intelligent peers thrive in scientific/technical fields while the maj",4,"2026-04-07 12:35:39",groq_batch_13r_outputs.normalized,groq_batch_13r_outputs.normalized,
2069,concept_domain_cae9453bc958,Domain,Biology,1,"2026-04-07 12:35:39",groq_batch_13r_outputs.normalized,groq_batch_13r_outputs.normalized,
2070,concept_domain_5263cb23e03c,Domain,Medicine,1,"2026-04-07 12:35:39",groq_batch_13r_outputs.normalized,groq_batch_13r_outputs.normalized,
2071,concept_theme_1c8576ba87ea,Theme,"Witch hunts as gendered violence",2,"2026-04-07 12:35:39",groq_batch_13r_outputs.normalized,groq_batch_13r_outputs.normalized,
2072,concept_theme_882929a7b1fc,Theme,"Gendered labor shifts (brewing, weaving)",2,"2026-04-07 12:35:39",groq_batch_13r_outputs.normalized,groq_batch_13r_outputs.normalized,
2073,concept_theme_7707baba3f38,Theme,"Reproductive oppression and obstetric abuse",2,"2026-04-07 12:35:39",groq_batch_13r_outputs.normalized,groq_batch_13r_outputs.normalized,
2074,concept_theme_78ef56b2913d,Theme,"Atypical heart‑attack presentations in women",2,"2026-04-07 12:35:39",groq_batch_13r_outputs.normalized,groq_batch_13r_outputs.normalized,
2075,concept_theme_84a7efb3cc4b,Theme,"Mitochondrial Eve and matrilineal ancestry",2,"2026-04-07 12:35:39",groq_batch_13r_outputs.normalized,groq_batch_13r_outputs.normalized,
2076,concept_theme_62d14eaed788,Theme,"Denied pregnancy phenomenon",2,"2026-04-07 12:35:39",groq_batch_13r_outputs.normalized,groq_batch_13r_outputs.normalized,
2077,concept_theme_844f8ad3dc0e,Theme,"Clitoral growth with age",2,"2026-04-07 12:35:39",groq_batch_13r_outputs.normalized,groq_batch_13r_outputs.normalized,
2078,concept_theme_efb942ca159c,Theme,"Lack of comprehensive sex education",2,"2026-04-07 12:35:39",groq_batch_13r_outputs.normalized,groq_batch_13r_outputs.normalized,
2079,concept_event_a5aaead05f60,Event,"Witch hunts (early modern Europe)",3,"2026-04-07 12:35:39",groq_batch_13r_outputs.normalized,groq_batch_13r_outputs.normalized,
2080,concept_person_209e09f17aee,Person,"Mitochondrial Eve",3,"2026-04-07 12:35:39",groq_batch_13r_outputs.normalized,groq_batch_13r_outputs.normalized,
2081,concept_concept_db0a89df95f2,Concept,"Denied pregnancy",3,"2026-04-07 12:35:39",groq_batch_13r_outputs.normalized,groq_batch_13r_outputs.normalized,
2082,concept_problem_228069338742,Problem,"Atypical heart‑attack symptoms in women",3,"2026-04-07 12:35:39",groq_batch_13r_outputs.normalized,groq_batch_13r_outputs.normalized,
2083,concept_example_c350b544c302,Example,"Historical female brewers",3,"2026-04-07 12:35:39",groq_batch_13r_outputs.normalized,groq_batch_13r_outputs.normalized,
2084,concept_problem_8d73d1f51979,Problem,"Non‑consensual obstetric experiments on women of color",3,"2026-04-07 12:35:39",groq_batch_13r_outputs.normalized,groq_batch_13r_outputs.normalized,
2085,concept_problem_2e23b0c031cb,Problem,"C‑section complications and long‑term injury",3,"2026-04-07 12:35:39",groq_batch_13r_outputs.normalized,groq_batch_13r_outputs.normalized,
2086,concept_data_0e01f40cc537,Data,"Clitoral growth with age",3,"2026-04-07 12:35:39",groq_batch_13r_outputs.normalized,groq_batch_13r_outputs.normalized,
2087,concept_concept_da0ab406c538,Concept,"Feminicide during witch hunts",3,"2026-04-07 12:35:39",groq_batch_13r_outputs.normalized,groq_batch_13r_outputs.normalized,
2088,concept_concept_bc306f34f942,Concept,"Gender bias in medical research",3,"2026-04-07 12:35:39",groq_batch_13r_outputs.normalized,groq_batch_13r_outputs.normalized,
2089,concept_problem_ffa08b04465a,Problem,"Maternal mortality disparities (racial)",3,"2026-04-07 12:35:39",groq_batch_13r_outputs.normalized,groq_batch_13r_outputs.normalized,
2090,concept_concept_f3306c002aa1,Concept,"Three‑parent embryos via mitochondrial donation",3,"2026-04-07 12:35:39",groq_batch_13r_outputs.normalized,groq_batch_13r_outputs.normalized,
2091,concept_concept_b4a3b4f10ec7,Concept,"Psychological impact of severe PMS",3,"2026-04-07 12:35:39",groq_batch_13r_outputs.normalized,groq_batch_13r_outputs.normalized,
2092,concept_concept_ddbb671a1d33,Concept,"Social stigma surrounding women’s bodies",3,"2026-04-07 12:35:39",groq_batch_13r_outputs.normalized,groq_batch_13r_outputs.normalized,
2093,concept_insight_f79a2b2de01c,Insight,"""50,000 witches were burnt"" vs ""50,000 women were executed in a massive feminicide that lasted for c",4,"2026-04-07 12:35:39",groq_batch_13r_outputs.normalized,groq_batch_13r_outputs.normalized,
2094,concept_insight_df41f79ebbde,Insight,"Mitochondrial Eve lived ~155,000 years ago in East Africa and is the most recent common matrilineal ",4,"2026-04-07 12:35:39",groq_batch_13r_outputs.normalized,groq_batch_13r_outputs.normalized,
2095,concept_insight_8eb9c952c4f3,Insight,"Women often present atypical heart‑attack symptoms, leading to missed or delayed treatment compared ",4,"2026-04-07 12:35:39",groq_batch_13r_outputs.normalized,groq_batch_13r_outputs.normalized,
2096,concept_insight_6720c7db8358,Insight,"Denied pregnancy: some women discover they are pregnant only during labor",4,"2026-04-07 12:35:39",groq_batch_13r_outputs.normalized,groq_batch_13r_outputs.normalized,
2097,concept_insight_f342bba5e9c7,Insight,"The clitoris continues to grow with age",4,"2026-04-07 12:35:39",groq_batch_13r_outputs.normalized,groq_batch_13r_outputs.normalized,
2098,concept_insight_f2862c90cf5f,Insight,"Historical obstetric procedures were performed on women of color without anesthesia or consent",4,"2026-04-07 12:35:39",groq_batch_13r_outputs.normalized,groq_batch_13r_outputs.normalized,
2099,concept_insight_2f3af464b666,Insight,"Severe PMS can trigger suicidal thoughts, ravenous appetite, and intense mood swings",4,"2026-04-07 12:35:39",groq_batch_13r_outputs.normalized,groq_batch_13r_outputs.normalized,
2100,concept_insight_ba25e840c09c,Insight,"Mitochondria were once independent organisms; they are maternally inherited and enable three‑parent ",4,"2026-04-07 12:35:39",groq_batch_13r_outputs.normalized,groq_batch_13r_outputs.normalized,
2101,concept_domain_c5e34dfeae31,Domain,Employment,1,"2026-04-07 12:35:39",groq_batch_13r_outputs.normalized,groq_batch_13r_outputs.normalized,
2102,concept_domain_56441dbefe7d,Domain,"Language Learning",1,"2026-04-07 12:35:39",groq_batch_13r_outputs.normalized,groq_batch_13r_outputs.normalized,
2103,concept_domain_d73d97c85da5,Domain,"International Migration",1,"2026-04-07 12:35:39",groq_batch_13r_outputs.normalized,groq_batch_13r_outputs.normalized,
2104,concept_domain_a97f95cb9036,Domain,"Finance & Business Education",1,"2026-04-07 12:35:39",groq_batch_13r_outputs.normalized,groq_batch_13r_outputs.normalized,
2105,concept_theme_cde874366311,Theme,"English‑speaking roles in German companies",2,"2026-04-07 12:35:39",groq_batch_13r_outputs.normalized,groq_batch_13r_outputs.normalized,
2106,concept_theme_93218682a633,Theme,"Consulting and audit opportunities (Big 4)",2,"2026-04-07 12:35:39",groq_batch_13r_outputs.normalized,groq_batch_13r_outputs.normalized,
2107,concept_theme_0b9c40adb718,Theme,"Gig‑economy / delivery services (e.g., Flink)",2,"2026-04-07 12:35:39",groq_batch_13r_outputs.normalized,groq_batch_13r_outputs.normalized,
2108,concept_theme_0323cd1f92f0,Theme,"University career services & alumni networks",2,"2026-04-07 12:35:39",groq_batch_13r_outputs.normalized,groq_batch_13r_outputs.normalized,
2109,concept_theme_e3c7bbb32f9f,Theme,"Internships as entry point",2,"2026-04-07 12:35:39",groq_batch_13r_outputs.normalized,groq_batch_13r_outputs.normalized,
2110,concept_theme_cef9a9c9abea,Theme,"Headhunter recruitment",2,"2026-04-07 12:35:39",groq_batch_13r_outputs.normalized,groq_batch_13r_outputs.normalized,
2111,concept_theme_ed51747319b1,Theme,"Language‑barrier impact on job market",2,"2026-04-07 12:35:39",groq_batch_13r_outputs.normalized,groq_batch_13r_outputs.normalized,
2112,concept_theme_13ccca9acff4,Theme,"German public‑sector language requirements",2,"2026-04-07 12:35:39",groq_batch_13r_outputs.normalized,groq_batch_13r_outputs.normalized,
2113,concept_theme_e50b98f2c853,Theme,"Sales/export positions requiring English/Spanish",2,"2026-04-07 12:35:39",groq_batch_13r_outputs.normalized,groq_batch_13r_outputs.normalized,
2114,concept_theme_8861e0d208d4,Theme,"Post‑office entry‑level jobs (no German needed)",2,"2026-04-07 12:35:39",groq_batch_13r_outputs.normalized,groq_batch_13r_outputs.normalized,
2115,concept_organization_7cc7b8406153,Organization,"Big 4 consulting firms",3,"2026-04-07 12:35:39",groq_batch_13r_outputs.normalized,groq_batch_13r_outputs.normalized,
2116,concept_organization_96e1936d5f1d,Organization,"Flink delivery service",3,"2026-04-07 12:35:39",groq_batch_13r_outputs.normalized,groq_batch_13r_outputs.normalized,
2117,concept_concept_74cf9f64233a,Concept,"German banking sector",3,"2026-04-07 12:35:39",groq_batch_13r_outputs.normalized,groq_batch_13r_outputs.normalized,
2118,concept_concept_374ae172f793,Concept,"Financial behavior degree",3,"2026-04-07 12:35:39",groq_batch_13r_outputs.normalized,groq_batch_13r_outputs.normalized,
2119,concept_organization_cc6183c7e6ae,Organization,"University career office",3,"2026-04-07 12:35:39",groq_batch_13r_outputs.normalized,groq_batch_13r_outputs.normalized,
2120,concept_organization_6fbd6e5190d5,Organization,"Headhunter agencies",3,"2026-04-07 12:35:39",groq_batch_13r_outputs.normalized,groq_batch_13r_outputs.normalized,
2121,concept_organization_813cfe2f8018,Organization,"English‑speaking startups",3,"2026-04-07 12:35:39",groq_batch_13r_outputs.normalized,groq_batch_13r_outputs.normalized,
2122,concept_project_b95862152ff3,Project,"Internship programs for finance graduates",3,"2026-04-07 12:35:39",groq_batch_13r_outputs.normalized,groq_batch_13r_outputs.normalized,
2123,concept_concept_5f55fef87c9c,Concept,"German language learning methods",3,"2026-04-07 12:35:39",groq_batch_13r_outputs.normalized,groq_batch_13r_outputs.normalized,
2124,concept_tool_4b55d9b84dce,Tool,"Google Translate",3,"2026-04-07 12:35:39",groq_batch_13r_outputs.normalized,groq_batch_13r_outputs.normalized,
2125,concept_organization_b6a4497856e2,Organization,"Deutsche Post (post office)",3,"2026-04-07 12:35:39",groq_batch_13r_outputs.normalized,groq_batch_13r_outputs.normalized,
2126,concept_example_2c80abdc7544,Example,"Sales/export role targeting English/Spanish markets",3,"2026-04-07 12:35:39",groq_batch_13r_outputs.normalized,groq_batch_13r_outputs.normalized,
2127,concept_tool_95568d7edb44,Tool,"LinkedIn job listings filtered by language",3,"2026-04-07 12:35:39",groq_batch_13r_outputs.normalized,groq_batch_13r_outputs.normalized,
2128,concept_problem_9726a7d48915,Problem,"German language requirement (problem)",3,"2026-04-07 12:35:39",groq_batch_13r_outputs.normalized,groq_batch_13r_outputs.normalized,
2129,concept_quote_a2986c10a43f,Quote,"Strong CV can offset language gap",3,"2026-04-07 12:35:39",groq_batch_13r_outputs.normalized,groq_batch_13r_outputs.normalized,
2130,concept_insight_e794810a13ef,Insight,"""Big 4 often have international projects where no German is required and are known to hire non‑Germa",4,"2026-04-07 12:35:39",groq_batch_13r_outputs.normalized,groq_batch_13r_outputs.normalized,
2131,concept_insight_66536b1e36a7,Insight,"""Flink delivery service hires many South Americans; packers earn ~15€/hr and no German is needed.""",4,"2026-04-07 12:35:39",groq_batch_13r_outputs.normalized,groq_batch_13r_outputs.normalized,
2132,concept_insight_05aa6a7b8cdc,Insight,"""Google Translate or gestures can get you through daily life tasks, but it’s tiring and not sustaina",4,"2026-04-07 12:35:39",groq_batch_13r_outputs.normalized,groq_batch_13r_outputs.normalized,
2133,concept_insight_470030ad4650,Insight,"""Internships can provide German exposure and references, improving chances for permanent positions.""",4,"2026-04-07 12:35:39",groq_batch_13r_outputs.normalized,groq_batch_13r_outputs.normalized,
2134,concept_insight_ffa5d5a7b8cd,Insight,"""Post office jobs pay well per hour and require minimal German speaking.""",4,"2026-04-07 12:35:39",groq_batch_13r_outputs.normalized,groq_batch_13r_outputs.normalized,
2135,concept_domain_bdad25e4cd05,Domain,"Personal Development",1,"2026-04-07 12:35:39",groq_batch_13r_outputs.normalized,groq_batch_13r_outputs.normalized,
2136,concept_domain_1847ca18206c,Domain,"Spirituality / Law of Attraction",1,"2026-04-07 12:35:39",groq_batch_13r_outputs.normalized,groq_batch_13r_outputs.normalized,
2137,concept_domain_bb3345625297,Domain,Neuroscience,1,"2026-04-07 12:35:39",groq_batch_13r_outputs.normalized,groq_batch_13r_outputs.normalized,
2138,concept_domain_c8b3347b1708,Domain,"Therapy Modalities",1,"2026-04-07 12:35:39",groq_batch_13r_outputs.normalized,groq_batch_13r_outputs.normalized,
2139,concept_theme_b72038f5164d,Theme,"Intentional vs unconscious manifestation",2,"2026-04-07 12:35:39",groq_batch_13r_outputs.normalized,groq_batch_13r_outputs.normalized,
2140,concept_theme_fb865f5891ae,Theme,"BTFWA framework (Beliefs, Thoughts, Feelings, Words, Actions)",2,"2026-04-07 12:35:39",groq_batch_13r_outputs.normalized,groq_batch_13r_outputs.normalized,
2141,concept_theme_4c07c6742963,Theme,"Emotional Baseline Reset (EBR) technique",2,"2026-04-07 12:35:39",groq_batch_13r_outputs.normalized,groq_batch_13r_outputs.normalized,
2142,concept_theme_6e012f9ac3a8,Theme,"Subconscious belief rewriting",2,"2026-04-07 12:35:39",groq_batch_13r_outputs.normalized,groq_batch_13r_outputs.normalized,
2143,concept_theme_483da91bb614,Theme,"Neuro‑Linguistic Programming (NLP) as a change tool",2,"2026-04-07 12:35:39",groq_batch_13r_outputs.normalized,groq_batch_13r_outputs.normalized,
2144,concept_theme_4a9f91d1240d,Theme,"Guided meditation for emotional anchoring",2,"2026-04-07 12:35:39",groq_batch_13r_outputs.normalized,groq_batch_13r_outputs.normalized,
2145,concept_concept_7091d2715a81,Concept,Manifestation,3,"2026-04-07 12:35:39",groq_batch_13r_outputs.normalized,groq_batch_13r_outputs.normalized,
2146,concept_concept_dc6ee4cdb9aa,Concept,"Subconscious programming",3,"2026-04-07 12:35:39",groq_batch_13r_outputs.normalized,groq_batch_13r_outputs.normalized,
2147,concept_framework_337240a96f40,Framework,"BTFWA (Beliefs, Thoughts, Feelings, Words, Actions)",3,"2026-04-07 12:35:39",groq_batch_13r_outputs.normalized,groq_batch_13r_outputs.normalized,
2148,concept_tool_d37deb11ab4f,Tool,"Emotional Baseline Reset (EBR) practice",3,"2026-04-07 12:35:39",groq_batch_13r_outputs.normalized,groq_batch_13r_outputs.normalized,
2149,concept_tool_c1c12d49d1e0,Tool,"Guided meditation for state amplification",3,"2026-04-07 12:35:39",groq_batch_13r_outputs.normalized,groq_batch_13r_outputs.normalized,
2150,concept_tool_2b77fd0c6864,Tool,"Neuro‑Linguistic Programming (NLP)",3,"2026-04-07 12:35:39",groq_batch_13r_outputs.normalized,groq_batch_13r_outputs.normalized,
2151,concept_tool_f9f6546dfe8a,Tool,"EMDR therapy",3,"2026-04-07 12:35:39",groq_batch_13r_outputs.normalized,groq_batch_13r_outputs.normalized,
2152,concept_tool_7e4ff8ddf3e5,Tool,"Rewriting beliefs technique",3,"2026-04-07 12:35:39",groq_batch_13r_outputs.normalized,groq_batch_13r_outputs.normalized,
2153,concept_problem_546dd49ff145,Problem,"Trauma (unresolved)",3,"2026-04-07 12:35:39",groq_batch_13r_outputs.normalized,groq_batch_13r_outputs.normalized,
2154,concept_problem_b762584fbc70,Problem,"C‑PTSD",3,"2026-04-07 12:35:39",groq_batch_13r_outputs.normalized,groq_batch_13r_outputs.normalized,
2155,concept_person_1b6312ede318,Person,"Richard Bandler",3,"2026-04-07 12:35:39",groq_batch_13r_outputs.normalized,groq_batch_13r_outputs.normalized,
2156,concept_example_fc8aca7c31c2,Example,"The Structure of Magic (book)",3,"2026-04-07 12:35:39",groq_batch_13r_outputs.normalized,groq_batch_13r_outputs.normalized,
2157,concept_example_c32515ff90e8,Example,"Living the Naked Life (book)",3,"2026-04-07 12:35:39",groq_batch_13r_outputs.normalized,groq_batch_13r_outputs.normalized,
2158,concept_technique_592905ca697c,Technique,"Eye‑movement belief integration",3,"2026-04-07 12:35:39",groq_batch_13r_outputs.normalized,groq_batch_13r_outputs.normalized,
2159,concept_project_8b776f795fa9,Project,"Emotional Mastery in 30 Days program",3,"2026-04-07 12:35:39",groq_batch_13r_outputs.normalized,groq_batch_13r_outputs.normalized,
2160,concept_insight_08d14842ffcd,Insight,"""You are always manifesting. You manifested everything you've ever experienced.""",4,"2026-04-07 12:35:39",groq_batch_13r_outputs.normalized,groq_batch_13r_outputs.normalized,
2161,concept_insight_9a7172f1d8c8,Insight,"""Our manifestation is comprised of the sum total of all of our beliefs, thoughts, feelings, words, a",4,"2026-04-07 12:35:39",groq_batch_13r_outputs.normalized,groq_batch_13r_outputs.normalized,
2162,concept_insight_75611bbe455c,Insight,"NLP can produce noticeable change in 1‑3 sessions, compared to 8‑16 for EMDR or years for traditiona",4,"2026-04-07 12:35:39",groq_batch_13r_outputs.normalized,groq_batch_13r_outputs.normalized,
2163,concept_insight_3bfd9524af0f,Insight,"A 2‑minute guided meditation repeated three times daily can reset the emotional baseline within ~30 ",4,"2026-04-07 12:35:39",groq_batch_13r_outputs.normalized,groq_batch_13r_outputs.normalized,
2164,concept_insight_399c32fa40c8,Insight,"Replacing negative self‑talk with new belief statements stops unconscious self‑sabotage.",4,"2026-04-07 12:35:39",groq_batch_13r_outputs.normalized,groq_batch_13r_outputs.normalized,
2165,concept_insight_2abca14dbe74,Insight,"Eye‑movement patterns can tap into neural pathways that store and retrieve beliefs.",4,"2026-04-07 12:35:39",groq_batch_13r_outputs.normalized,groq_batch_13r_outputs.normalized,
2166,concept_insight_04f1c99b727c,Insight,"Clients with severe C‑PTSD showed significant improvement after a single Emotional Mastery session.",4,"2026-04-07 12:35:39",groq_batch_13r_outputs.normalized,groq_batch_13r_outputs.normalized,
2167,concept_insight_8e7d70cde12a,Insight,"Writing intended manifestations transforms unformed thought energy into an initial material state.",4,"2026-04-07 12:35:39",groq_batch_13r_outputs.normalized,groq_batch_13r_outputs.normalized,
2168,concept_domain_a290a714846b,Domain,Musicology,1,"2026-04-07 12:35:39",groq_batch_13r_outputs.normalized,groq_batch_13r_outputs.normalized,
2169,concept_domain_4f4118e273eb,Domain,"Literary Analysis",1,"2026-04-07 12:35:39",groq_batch_13r_outputs.normalized,groq_batch_13r_outputs.normalized,
2170,concept_domain_8e9a57c2a700,Domain,"Psychology of Memory & Trauma",1,"2026-04-07 12:35:39",groq_batch_13r_outputs.normalized,groq_batch_13r_outputs.normalized,
2171,concept_domain_e70a7d890fdc,Domain,"Fan Studies / Community Culture",1,"2026-04-07 12:35:39",groq_batch_13r_outputs.normalized,groq_batch_13r_outputs.normalized,
2172,concept_domain_aa086e443a06,Domain,"Narrative Storytelling",1,"2026-04-07 12:35:39",groq_batch_13r_outputs.normalized,groq_batch_13r_outputs.normalized,
2173,concept_theme_41e347bb2550,Theme,"Lyric Imagery and Metaphor",2,"2026-04-07 12:35:39",groq_batch_13r_outputs.normalized,groq_batch_13r_outputs.normalized,
2174,concept_theme_6db96ab49b6a,Theme,"Personal Narrative in Songwriting",2,"2026-04-07 12:35:39",groq_batch_13r_outputs.normalized,groq_batch_13r_outputs.normalized,
2175,concept_theme_70047803e06e,Theme,"Interpretive Shifts via Detail",2,"2026-04-07 12:35:39",groq_batch_13r_outputs.normalized,groq_batch_13r_outputs.normalized,
2176,concept_theme_bb241d8eafcf,Theme,"Biographical vs. Fictional Perspective",2,"2026-04-07 12:35:39",groq_batch_13r_outputs.normalized,groq_batch_13r_outputs.normalized,
2177,concept_theme_1d264c8c4e5a,Theme,"Emotional Catharsis in Listeners",2,"2026-04-07 12:35:39",groq_batch_13r_outputs.normalized,groq_batch_13r_outputs.normalized,
2178,concept_theme_f636fcc71916,Theme,"Fan‑Driven Meaning Construction",2,"2026-04-07 12:35:39",groq_batch_13r_outputs.normalized,groq_batch_13r_outputs.normalized,
2179,concept_theme_0a06229085a2,Theme,"Rhetorical Devices in Pop Lyrics",2,"2026-04-07 12:35:39",groq_batch_13r_outputs.normalized,groq_batch_13r_outputs.normalized,
2180,concept_theme_64a1a3a8b20f,Theme,"Cultural References in Swift’s Catalog",2,"2026-04-07 12:35:39",groq_batch_13r_outputs.normalized,groq_batch_13r_outputs.normalized,
2181,concept_quote_f67fed3093d6,Quote,"""Sipping coffee like you were on a late night show"" (from ""..."" )",3,"2026-04-07 12:35:39",groq_batch_13r_outputs.normalized,groq_batch_13r_outputs.normalized,
2182,concept_concept_300b0ce7f42c,Concept,"""Sweet tea in the summer"" motif",3,"2026-04-07 12:35:39",groq_batch_13r_outputs.normalized,groq_batch_13r_outputs.normalized,
2183,concept_song_17d9809bed24,Song,"""Cardigan"" – father imagery",3,"2026-04-07 12:35:39",groq_batch_13r_outputs.normalized,groq_batch_13r_outputs.normalized,
2184,concept_song_10ac02ca8957,Song,"""Marjorie"" – regret and loss lyrics",3,"2026-04-07 12:35:39",groq_batch_13r_outputs.normalized,groq_batch_13r_outputs.normalized,
2185,concept_quote_7a80ffe63e6a,Quote,"""All Too Well"" – haunted house line",3,"2026-04-07 12:35:39",groq_batch_13r_outputs.normalized,groq_batch_13r_outputs.normalized,
2186,concept_quote_c50467b63f7b,Quote,"""Mirrorball"" – self‑reflection line",3,"2026-04-07 12:35:39",groq_batch_13r_outputs.normalized,groq_batch_13r_outputs.normalized,
2187,concept_person_51eb0d09611c,Person,"Taylor Swift (artist)",3,"2026-04-07 12:35:39",groq_batch_13r_outputs.normalized,groq_batch_13r_outputs.normalized,
2188,concept_concept_b1a5296cb659,Concept,"Fan interpretation (Swifties)",3,"2026-04-07 12:35:39",groq_batch_13r_outputs.normalized,groq_batch_13r_outputs.normalized,
2189,concept_character_41fee739f6ee,Character,"Narrative voice of Betty (from ""Cardigan"")",3,"2026-04-07 12:35:39",groq_batch_13r_outputs.normalized,groq_batch_13r_outputs.normalized,
2190,concept_theme_43c39021bb74,Theme,"Abusive household theme",3,"2026-04-07 12:35:39",groq_batch_13r_outputs.normalized,groq_batch_13r_outputs.normalized,
2191,concept_quote_0c9db41aba13,Quote,"Social conformity lyric ""I can change everything about me to fit in""",3,"2026-04-07 12:35:39",groq_batch_13r_outputs.normalized,groq_batch_13r_outputs.normalized,
2192,concept_technique_a5f3b5e80870,Technique,"Rhetorical shift after dark lyric insertion",3,"2026-04-07 12:35:39",groq_batch_13r_outputs.normalized,groq_batch_13r_outputs.normalized,
2193,concept_insight_abd161db0f89,Insight,"""Sipping coffee like you were on a late night show"" – describes putting on airs, a subtle social cri",4,"2026-04-07 12:35:39",groq_batch_13r_outputs.normalized,groq_batch_13r_outputs.normalized,
2194,concept_insight_0449e6cdf608,Insight,"The dad‑related line in a song turns a nostalgic ""sweet tea"" refrain into a darker reflection on tra",4,"2026-04-07 12:35:39",groq_batch_13r_outputs.normalized,groq_batch_13r_outputs.normalized,
2195,concept_insight_5d80e097fd4d,Insight,"""I should've asked you questions..."" from ""Marjorie"" resonates with grief and the wish to preserve m",4,"2026-04-07 12:35:39",groq_batch_13r_outputs.normalized,groq_batch_13r_outputs.normalized,
2196,concept_insight_92d0dd7ca5aa,Insight,"""Please don’t ever become a stranger whose laugh I could recognize anywhere"" captures the pain of lo",4,"2026-04-07 12:35:39",groq_batch_13r_outputs.normalized,groq_batch_13r_outputs.normalized,
2197,concept_insight_556fd345936c,Insight,"The repetition of ""sweet tea in the summer"" after a dark verse feels like a desperate cling to lost ",4,"2026-04-07 12:35:39",groq_batch_13r_outputs.normalized,groq_batch_13r_outputs.normalized,
2198,concept_insight_11d4cde9700a,Insight,"Betty’s father line in ""Cardigan"" contradicts Taylor’s real life, highlighting the blend of biograph",4,"2026-04-07 12:35:39",groq_batch_13r_outputs.normalized,groq_batch_13r_outputs.normalized,
2199,concept_insight_36696f32b8cc,Insight,"""I want you to know I'm a mirror ball, I'll show you every version of yourself tonight"" illustrates ",4,"2026-04-07 12:35:39",groq_batch_13r_outputs.normalized,groq_batch_13r_outputs.normalized,
2200,concept_insight_01279e5d1617,Insight,"Fans often name pets after songs, showing personal identity intertwining with lyrical impact.",4,"2026-04-07 12:35:39",groq_batch_13r_outputs.normalized,groq_batch_13r_outputs.normalized,
2201,concept_domain_ec0eb439899e,Domain,Technology,1,"2026-04-07 12:35:39",groq_batch_13r_outputs.normalized,groq_batch_13r_outputs.normalized,
2202,concept_domain_79be89866d06,Domain,"Business Strategy",1,"2026-04-07 12:35:39",groq_batch_13r_outputs.normalized,groq_batch_13r_outputs.normalized,
2203,concept_domain_232eb9300d28,Domain,"Artificial Intelligence",1,"2026-04-07 12:35:39",groq_batch_13r_outputs.normalized,groq_batch_13r_outputs.normalized,
2204,concept_domain_fe3d1148f3ef,Domain,"User Experience Design",1,"2026-04-07 12:35:39",groq_batch_13r_outputs.normalized,groq_batch_13r_outputs.normalized,
2205,concept_theme_7575d727932f,Theme,"Software Quality Decline",2,"2026-04-07 12:35:39",groq_batch_13r_outputs.normalized,groq_batch_13r_outputs.normalized,
2206,concept_theme_38b944c29632,Theme,"Feature‑First Development",2,"2026-04-07 12:35:39",groq_batch_13r_outputs.normalized,groq_batch_13r_outputs.normalized,
2207,concept_theme_7df4f3e3d80b,Theme,"AI‑Assisted Coding",2,"2026-04-07 12:35:39",groq_batch_13r_outputs.normalized,groq_batch_13r_outputs.normalized,
2208,concept_theme_9a858beb1019,Theme,"Corporate Apathy after Market Dominance",2,"2026-04-07 12:35:39",groq_batch_13r_outputs.normalized,groq_batch_13r_outputs.normalized,
2209,concept_theme_0fbe4e2fda0d,Theme,"WhatsApp Windows App Issues",2,"2026-04-07 12:35:39",groq_batch_13r_outputs.normalized,groq_batch_13r_outputs.normalized,
2210,concept_theme_3ff32f9f49ec,Theme,"Cloudflare Outages",2,"2026-04-07 12:35:39",groq_batch_13r_outputs.normalized,groq_batch_13r_outputs.normalized,
2211,concept_theme_cc4cd0302d7e,Theme,"Indian Food‑Delivery Apps Performance (Swiggy, Zomato)",2,"2026-04-07 12:35:39",groq_batch_13r_outputs.normalized,groq_batch_13r_outputs.normalized,
2212,concept_theme_cf58c74dc5bc,Theme,"Lack of Release Notes",2,"2026-04-07 12:35:39",groq_batch_13r_outputs.normalized,groq_batch_13r_outputs.normalized,
2213,concept_example_40b0b60a19d9,Example,"WhatsApp (Windows client)",3,"2026-04-07 12:35:39",groq_batch_13r_outputs.normalized,groq_batch_13r_outputs.normalized,
2214,concept_organization_cbf85a1b2a0c,Organization,Cloudflare,3,"2026-04-07 12:35:39",groq_batch_13r_outputs.normalized,groq_batch_13r_outputs.normalized,
2215,concept_organization_1ed16d4a9679,Organization,Swiggy,3,"2026-04-07 12:35:39",groq_batch_13r_outputs.normalized,groq_batch_13r_outputs.normalized,
2216,concept_organization_2855bc13f39c,Organization,Zomato,3,"2026-04-07 12:35:39",groq_batch_13r_outputs.normalized,groq_batch_13r_outputs.normalized,
2217,concept_concept_3e383ae2717e,Concept,"AI‑generated code",3,"2026-04-07 12:35:39",groq_batch_13r_outputs.normalized,groq_batch_13r_outputs.normalized,
2218,concept_concept_53c051279c7e,Concept,"Feature‑driven release cycle",3,"2026-04-07 12:35:39",groq_batch_13r_outputs.normalized,groq_batch_13r_outputs.normalized,
2219,concept_concept_02c894f84139,Concept,"Progressive Web App (PWA) replacement",3,"2026-04-07 12:35:39",groq_batch_13r_outputs.normalized,groq_batch_13r_outputs.normalized,
2220,concept_tool_fb6200268386,Tool,"React Native",3,"2026-04-07 12:35:39",groq_batch_13r_outputs.normalized,groq_batch_13r_outputs.normalized,
2221,concept_tool_377cb68e8d54,Tool,"AI‑assisted unit‑test generation",3,"2026-04-07 12:35:39",groq_batch_13r_outputs.normalized,groq_batch_13r_outputs.normalized,
2222,concept_quote_4210556eb91b,Quote,"Enshittification (term)",3,"2026-04-07 12:35:39",groq_batch_13r_outputs.normalized,groq_batch_13r_outputs.normalized,
2223,concept_concept_6eee5f5be857,Concept,"Vibe‑coding",3,"2026-04-07 12:35:39",groq_batch_13r_outputs.normalized,groq_batch_13r_outputs.normalized,
2224,concept_problem_50945df8dbbb,Problem,"Greed‑driven shipping culture",3,"2026-04-07 12:35:39",groq_batch_13r_outputs.normalized,groq_batch_13r_outputs.normalized,
2225,concept_insight_b501128ae055,Insight,"WhatsApp on Windows is trash, laggy, uses way more RAM for no reason.",4,"2026-04-07 12:35:39",groq_batch_13r_outputs.normalized,groq_batch_13r_outputs.normalized,
2226,concept_insight_013596266b23,Insight,"Cloudflare, whose whole moat was reliability, now can't even stay up.",4,"2026-04-07 12:35:39",groq_batch_13r_outputs.normalized,groq_batch_13r_outputs.normalized,
2227,concept_insight_5b846f78bd84,Insight,"Everyone's rushing to shove AI into everything and it's making the code a mess.",4,"2026-04-07 12:35:39",groq_batch_13r_outputs.normalized,groq_batch_13r_outputs.normalized,
2228,concept_insight_70391b35c925,Insight,"Ship ship ship. New feature every week. Who cares if the app crashes?",4,"2026-04-07 12:35:39",groq_batch_13r_outputs.normalized,groq_batch_13r_outputs.normalized,
2229,concept_insight_b7e0f0d7c69c,Insight,"They stopped writing update notes of each update.",4,"2026-04-07 12:35:39",groq_batch_13r_outputs.normalized,groq_batch_13r_outputs.normalized,
2230,concept_insight_b7e24a453680,Insight,"It's just greed. Ship features fast.",4,"2026-04-07 12:35:39",groq_batch_13r_outputs.normalized,groq_batch_13r_outputs.normalized,
2231,concept_insight_e824b5e21e39,Insight,"Every month there is a new vulnerability.",4,"2026-04-07 12:35:39",groq_batch_13r_outputs.normalized,groq_batch_13r_outputs.normalized,
2232,concept_insight_511e47b693fc,Insight,"The industry impact culture is taking it down. No accountability for bad implementation.",4,"2026-04-07 12:35:39",groq_batch_13r_outputs.normalized,groq_batch_13r_outputs.normalized,
2233,concept_domain_71392c689382,Domain,Physics,1,"2026-04-07 12:35:39",groq_batch_13r_outputs.normalized,groq_batch_13r_outputs.normalized,
2234,concept_theme_1f09b347acb4,Theme,"Time perception and compression",2,"2026-04-07 12:35:39",groq_batch_13r_outputs.normalized,groq_batch_13r_outputs.normalized,
2235,concept_theme_0643c166f9c9,Theme,"Exponential growth of knowledge",2,"2026-04-07 12:35:39",groq_batch_13r_outputs.normalized,groq_batch_13r_outputs.normalized,
2236,concept_theme_021670d1b86c,Theme,"Mechanical analogies for systemic change",2,"2026-04-07 12:35:39",groq_batch_13r_outputs.normalized,groq_batch_13r_outputs.normalized,
2237,concept_theme_b187b980d542,Theme,"Simulation / reality offset theory",2,"2026-04-07 12:35:39",groq_batch_13r_outputs.normalized,groq_batch_13r_outputs.normalized,
2238,concept_theme_dd615f11df34,Theme,"Age‑related subjective time scaling",2,"2026-04-07 12:35:39",groq_batch_13r_outputs.normalized,groq_batch_13r_outputs.normalized,
2239,concept_theme_180e409bd4e6,Theme,"Information overload and mental health",2,"2026-04-07 12:35:39",groq_batch_13r_outputs.normalized,groq_batch_13r_outputs.normalized,
2240,concept_concept_2245ebfa3ca9,Concept,"Maximum compression in engines",3,"2026-04-07 12:35:39",groq_batch_13r_outputs.normalized,groq_batch_13r_outputs.normalized,
2241,concept_concept_ba5eecdbaf3c,Concept,"Tracking offset in conveyor belts",3,"2026-04-07 12:35:39",groq_batch_13r_outputs.normalized,groq_batch_13r_outputs.normalized,
2242,concept_framework_163c2bb4bb8c,Framework,"Vulcanization analogy for consciousness",3,"2026-04-07 12:35:39",groq_batch_13r_outputs.normalized,groq_batch_13r_outputs.normalized,
2243,concept_data_04dee9da297a,Data,"Doubling of human knowledge every 12 hours",3,"2026-04-07 12:35:39",groq_batch_13r_outputs.normalized,groq_batch_13r_outputs.normalized,
2244,concept_theory_5f1e28e6f2aa,Theory,"Great Filter theory (rapid civilizational expansion)",3,"2026-04-07 12:35:39",groq_batch_13r_outputs.normalized,groq_batch_13r_outputs.normalized,
2245,concept_concept_81a247783434,Concept,"Subjective time dilation with age",3,"2026-04-07 12:35:39",groq_batch_13r_outputs.normalized,groq_batch_13r_outputs.normalized,
2246,concept_problem_37e9ae5eb77a,Problem,"Information overload as perceived speed‑up",3,"2026-04-07 12:35:39",groq_batch_13r_outputs.normalized,groq_batch_13r_outputs.normalized,
2247,concept_question_566f0075787f,Question,"Simulation hypothesis (reality offset)",3,"2026-04-07 12:35:39",groq_batch_13r_outputs.normalized,groq_batch_13r_outputs.normalized,
2248,concept_concept_c0083937037f,Concept,"Mental health crisis as system friction",3,"2026-04-07 12:35:39",groq_batch_13r_outputs.normalized,groq_batch_13r_outputs.normalized,
2249,concept_framework_345701ea3e1d,Framework,"Novelty generation via offset adjustments",3,"2026-04-07 12:35:39",groq_batch_13r_outputs.normalized,groq_batch_13r_outputs.normalized,
2250,concept_example_3b526063e9aa,Example,"Mushroom‑induced entity communication",3,"2026-04-07 12:35:39",groq_batch_13r_outputs.normalized,groq_batch_13r_outputs.normalized,
2251,concept_person_80c8a709ec58,Person,"Industrial maintenance experience (30 years)",3,"2026-04-07 12:35:39",groq_batch_13r_outputs.normalized,groq_batch_13r_outputs.normalized,
2252,concept_insight_006dbe86bdab,Insight,"""It took us 200,000 years to figure out language, 60,000 years to get to farming, 10,000 years to ge",4,"2026-04-07 12:35:39",groq_batch_13r_outputs.normalized,groq_batch_13r_outputs.normalized,
2253,concept_insight_6a0c4476d4e8,Insight,"""When a belt runs in the exact same groove every time, it digs a rut and fails; you need a tracking ",4,"2026-04-07 12:35:39",groq_batch_13r_outputs.normalized,groq_batch_13r_outputs.normalized,
2254,concept_insight_4b7ece2ebbf1,Insight,"""Maximum compression is the moment right before ignition in an engine; the author likens this to the",4,"2026-04-07 12:35:39",groq_batch_13r_outputs.normalized,groq_batch_13r_outputs.normalized,
2255,concept_insight_eb940e7a8988,Insight,"""Older people perceive a year as a smaller percentage of their lived experience, making time feel fa",4,"2026-04-07 12:35:39",groq_batch_13r_outputs.normalized,groq_batch_13r_outputs.normalized,
2256,concept_insight_cd0e0eb65e53,Insight,"""Information overload (constant scrolling, social media) makes weeks feel like months when removed, ",4,"2026-04-07 12:35:39",groq_batch_13r_outputs.normalized,groq_batch_13r_outputs.normalized,
2257,concept_insight_c42806f310cf,Insight,"""The 'Vulcanization' metaphor: consciousness is raw rubber, pressure of timeline compression cures i",4,"2026-04-07 12:35:39",groq_batch_13r_outputs.normalized,groq_batch_13r_outputs.normalized,
2258,concept_insight_ce4295fce154,Insight,"""Tiny adjustments/reset are needed to keep novelty from breaking reality, according to the post’s et",4,"2026-04-07 12:35:39",groq_batch_13r_outputs.normalized,groq_batch_13r_outputs.normalized,
2259,concept_insight_0ad6899a15b5,Insight,"""Great Filter suggests civilizations advance too quickly for safeguards, possibly explaining lack of",4,"2026-04-07 12:35:39",groq_batch_13r_outputs.normalized,groq_batch_13r_outputs.normalized,
2260,concept_domain_6a5413595b4b,Domain,"Gender Studies",1,"2026-04-07 12:35:39",groq_batch_13r_outputs.normalized,groq_batch_13r_outputs.normalized,
2261,concept_domain_ac24a4eaffb5,Domain,"Public Health",1,"2026-04-07 12:35:39",groq_batch_13r_outputs.normalized,groq_batch_13r_outputs.normalized,
2262,concept_theme_7e68b0631524,Theme,"Loneliness prevalence in adults",2,"2026-04-07 12:35:39",groq_batch_13r_outputs.normalized,groq_batch_13r_outputs.normalized,
2263,concept_theme_a97f965c53d2,Theme,"Gender gap in loneliness statistics",2,"2026-04-07 12:35:39",groq_batch_13r_outputs.normalized,groq_batch_13r_outputs.normalized,
2264,concept_theme_b8b7f4449f5b,Theme,"Social media’s role in perceived connection",2,"2026-04-07 12:35:39",groq_batch_13r_outputs.normalized,groq_batch_13r_outputs.normalized,
2265,concept_theme_f92ad59e35f8,Theme,"Cultural expectations of emotional labor",2,"2026-04-07 12:35:39",groq_batch_13r_outputs.normalized,groq_batch_13r_outputs.normalized,
2266,concept_theme_ab9dbb898396,Theme,"Stigma around female loneliness",2,"2026-04-07 12:35:39",groq_batch_13r_outputs.normalized,groq_batch_13r_outputs.normalized,
2267,concept_theme_523b48a108dd,Theme,"Male loneliness and violence narrative",2,"2026-04-07 12:35:39",groq_batch_13r_outputs.normalized,groq_batch_13r_outputs.normalized,
2268,concept_theme_202fa6cbd6fc,Theme,"Impact of work schedules and geographic mobility",2,"2026-04-07 12:35:39",groq_batch_13r_outputs.normalized,groq_batch_13r_outputs.normalized,
2269,concept_theme_ce93101aa057,Theme,"Capitalist alienation and erosion of public spaces",2,"2026-04-07 12:35:39",groq_batch_13r_outputs.normalized,groq_batch_13r_outputs.normalized,
2270,concept_theme_48c2003a5d77,Theme,"Toxic family dynamics and no‑contact decisions",2,"2026-04-07 12:35:39",groq_batch_13r_outputs.normalized,groq_batch_13r_outputs.normalized,
2271,concept_theme_10c25fc2865c,Theme,"Intersection of loneliness with mental health interventions",2,"2026-04-07 12:35:39",groq_batch_13r_outputs.normalized,groq_batch_13r_outputs.normalized,
2272,concept_concept_2cb228cf1194,Concept,"Loneliness (psychological state)",3,"2026-04-07 12:35:39",groq_batch_13r_outputs.normalized,groq_batch_13r_outputs.normalized,
2273,concept_problem_9880cf38291b,Problem,"Gender disparity in loneliness",3,"2026-04-07 12:35:39",groq_batch_13r_outputs.normalized,groq_batch_13r_outputs.normalized,
2274,concept_data_45a353c451c2,Data,"2021 US adult loneliness by gender (Statista)",3,"2026-04-07 12:35:39",groq_batch_13r_outputs.normalized,groq_batch_13r_outputs.normalized,
2275,concept_project_a2ba647c923e,Project,"Harvard GSE article on loneliness epidemic",3,"2026-04-07 12:35:39",groq_batch_13r_outputs.normalized,groq_batch_13r_outputs.normalized,
2276,concept_quote_37300047e0cc,Quote,"Social media as empty calories metaphor",3,"2026-04-07 12:35:39",groq_batch_13r_outputs.normalized,groq_batch_13r_outputs.normalized,
2277,concept_concept_f2a7c8c9e34a,Concept,"Female loneliness as personal failure stigma",3,"2026-04-07 12:35:39",groq_batch_13r_outputs.normalized,groq_batch_13r_outputs.normalized,
2278,concept_problem_fae9a26b1b5d,Problem,"Male loneliness linked to violence narrative",3,"2026-04-07 12:35:39",groq_batch_13r_outputs.normalized,groq_batch_13r_outputs.normalized,
2279,concept_concept_1aee207f7857,Concept,"Capitalist alienation of community",3,"2026-04-07 12:35:39",groq_batch_13r_outputs.normalized,groq_batch_13r_outputs.normalized,
2280,concept_concept_238b02278eb3,Concept,"Work schedule isolation",3,"2026-04-07 12:35:39",groq_batch_13r_outputs.normalized,groq_batch_13r_outputs.normalized,
2281,concept_concept_21f4adf0ff0d,Concept,"Toxic family no‑contact",3,"2026-04-07 12:35:39",groq_batch_13r_outputs.normalized,groq_batch_13r_outputs.normalized,
2282,concept_concept_9df00cda61b5,Concept,"Emotional labor expectations for women",3,"2026-04-07 12:35:39",groq_batch_13r_outputs.normalized,groq_batch_13r_outputs.normalized,
2283,concept_concept_70897c277da6,Concept,"Stoicism expectation for men",3,"2026-04-07 12:35:39",groq_batch_13r_outputs.normalized,groq_batch_13r_outputs.normalized,
2284,concept_problem_6acab62b2b77,Problem,"Predatory interest in women’s disclosed loneliness",3,"2026-04-07 12:35:39",groq_batch_13r_outputs.normalized,groq_batch_13r_outputs.normalized,
2285,concept_framework_9081d5142264,Framework,"Public health approaches to loneliness",3,"2026-04-07 12:35:39",groq_batch_13r_outputs.normalized,groq_batch_13r_outputs.normalized,
2286,concept_concept_acef4d9fce7d,Concept,"Social risk perception differences by gender",3,"2026-04-07 12:35:39",groq_batch_13r_outputs.normalized,groq_batch_13r_outputs.normalized,
2287,concept_insight_ab7e798e2fe8,Insight,"Statistically women are just as lonely as men (in fact, more so in 2021).",4,"2026-04-07 12:35:39",groq_batch_13r_outputs.normalized,groq_batch_13r_outputs.normalized,
2288,concept_insight_00422009ca7d,Insight,"Statista shows a higher share of U.S. adults feeling lonely in December 2021 for women than for men.",4,"2026-04-07 12:35:39",groq_batch_13r_outputs.normalized,groq_batch_13r_outputs.normalized,
2289,concept_insight_d56292a6db7a,Insight,"Social media gives the perception of connection and community, but it's sort of like empty calories ",4,"2026-04-07 12:35:39",groq_batch_13r_outputs.normalized,groq_batch_13r_outputs.normalized,
2290,concept_insight_737a190feacc,Insight,"Female loneliness is rarely framed as a public safety issue, unlike male loneliness, which is linked",4,"2026-04-07 12:35:39",groq_batch_13r_outputs.normalized,groq_batch_13r_outputs.normalized,
2291,concept_insight_0fb8a427f923,Insight,"Comments note women are expected to solve men’s loneliness while their own loneliness is ignored or ",4,"2026-04-07 12:35:39",groq_batch_13r_outputs.normalized,groq_batch_13r_outputs.normalized,
2292,concept_insight_c5ab9b3a0390,Insight,"Lonely women don’t join petty violence, organized crime or mass shootings at the same rate as lonely",4,"2026-04-07 12:35:39",groq_batch_13r_outputs.normalized,groq_batch_13r_outputs.normalized,
2293,concept_insight_d766b00fd568,Insight,"The modern “loneliness epidemic” is described as a rebranded form of alienation caused by advanced c",4,"2026-04-07 12:35:39",groq_batch_13r_outputs.normalized,groq_batch_13r_outputs.normalized,
2294,concept_theme_04411e9b5dd0,Theme,"Proficiency Levels (CEFR B1‑B2‑C1)",2,"2026-04-07 12:35:39",groq_batch_13r_outputs.normalized,groq_batch_13r_outputs.normalized,
2295,concept_theme_f4d50e998dcc,Theme,"Immersion Experience",2,"2026-04-07 12:35:39",groq_batch_13r_outputs.normalized,groq_batch_13r_outputs.normalized,
2296,concept_theme_ef2718110e9e,Theme,"Study Duration & Effort",2,"2026-04-07 12:35:39",groq_batch_13r_outputs.normalized,groq_batch_13r_outputs.normalized,
2297,concept_theme_5240b182cb33,Theme,"Age & Learning Ability",2,"2026-04-07 12:35:39",groq_batch_13r_outputs.normalized,groq_batch_13r_outputs.normalized,
2298,concept_theme_e4e20b6dd893,Theme,"Motivation & Goal Orientation",2,"2026-04-07 12:35:39",groq_batch_13r_outputs.normalized,groq_batch_13r_outputs.normalized,
2299,concept_theme_b92bec05333d,Theme,"Formal vs Informal Learning Methods",2,"2026-04-07 12:35:39",groq_batch_13r_outputs.normalized,groq_batch_13r_outputs.normalized,
2300,concept_theme_782e59f0fbcf,Theme,"Language Attrition & Maintenance",2,"2026-04-07 12:35:39",groq_batch_13r_outputs.normalized,groq_batch_13r_outputs.normalized,
2301,concept_theme_9edcea900bda,Theme,"Community & Cultural Integration",2,"2026-04-07 12:35:39",groq_batch_13r_outputs.normalized,groq_batch_13r_outputs.normalized,
2302,concept_concept_9faf2c5e903f,Concept,CEFR,3,"2026-04-07 12:35:39",groq_batch_13r_outputs.normalized,groq_batch_13r_outputs.normalized,
2303,concept_concept_1fca78ffffb2,Concept,"B1 Level",3,"2026-04-07 12:35:39",groq_batch_13r_outputs.normalized,groq_batch_13r_outputs.normalized,
2304,concept_concept_98398f0335f0,Concept,"B2 Level",3,"2026-04-07 12:35:39",groq_batch_13r_outputs.normalized,groq_batch_13r_outputs.normalized,
2305,concept_concept_e52dc1b5fbca,Concept,"C1 Level",3,"2026-04-07 12:35:39",groq_batch_13r_outputs.normalized,groq_batch_13r_outputs.normalized,
2306,concept_concept_ddc45b4288a0,Concept,Immersion,3,"2026-04-07 12:35:39",groq_batch_13r_outputs.normalized,groq_batch_13r_outputs.normalized,
2307,concept_tool_95affcf8910a,Tool,"Daily Private Lessons",3,"2026-04-07 12:35:39",groq_batch_13r_outputs.normalized,groq_batch_13r_outputs.normalized,
2308,concept_tool_02e08d5830c2,Tool,"German Subreddit Subscriptions",3,"2026-04-07 12:35:39",groq_batch_13r_outputs.normalized,groq_batch_13r_outputs.normalized,
2309,concept_concept_d6d3aad7d086,Concept,Motivation,3,"2026-04-07 12:35:39",groq_batch_13r_outputs.normalized,groq_batch_13r_outputs.normalized,
2310,concept_concept_1c2ff834fbcc,Concept,"Age Effect on Language Acquisition",3,"2026-04-07 12:35:39",groq_batch_13r_outputs.normalized,groq_batch_13r_outputs.normalized,
2311,concept_concept_937b9e6e0a5a,Concept,"Language Attrition",3,"2026-04-07 12:35:39",groq_batch_13r_outputs.normalized,groq_batch_13r_outputs.normalized,
2312,concept_framework_29712ae47db3,Framework,"Self‑Study",3,"2026-04-07 12:35:39",groq_batch_13r_outputs.normalized,groq_batch_13r_outputs.normalized,
2313,concept_framework_3edc9036275c,Framework,"Formal Classroom Courses",3,"2026-04-07 12:35:39",groq_batch_13r_outputs.normalized,groq_batch_13r_outputs.normalized,
2314,concept_organization_44d535644dc0,Organization,"Reddit German Community",3,"2026-04-07 12:35:39",groq_batch_13r_outputs.normalized,groq_batch_13r_outputs.normalized,
2315,concept_event_daae148806e2,Event,"German Citizenship Language Test",3,"2026-04-07 12:35:39",groq_batch_13r_outputs.normalized,groq_batch_13r_outputs.normalized,
2316,concept_problem_afb69f59d25d,Problem,"Accent (Pronunciation Issue)",3,"2026-04-07 12:35:39",groq_batch_13r_outputs.normalized,groq_batch_13r_outputs.normalized,
2317,concept_insight_8e442199e39c,Insight,"2 years and it was brutally hard.",4,"2026-04-07 12:35:39",groq_batch_13r_outputs.normalized,groq_batch_13r_outputs.normalized,
2318,concept_insight_7d335d1cb893,Insight,"I was B1 in a year, B2 in 2 years, and C1 in 4 years.",4,"2026-04-07 12:35:39",groq_batch_13r_outputs.normalized,groq_batch_13r_outputs.normalized,
2319,concept_insight_ed5297310728,Insight,"Many respondents report reaching B2 after 2 years of intensive study.",4,"2026-04-07 12:35:39",groq_batch_13r_outputs.normalized,groq_batch_13r_outputs.normalized,
2320,concept_insight_358578146819,Insight,"Full immersion by moving to Germany and only speaking German accelerates learning.",4,"2026-04-07 12:35:39",groq_batch_13r_outputs.normalized,groq_batch_13r_outputs.normalized,
2321,concept_insight_d6c851d169ce,Insight,"Took me a year to get the basics but really about 5 years to get conversational.",4,"2026-04-07 12:35:39",groq_batch_13r_outputs.normalized,groq_batch_13r_outputs.normalized,
2322,concept_insight_86f642f3a4f2,Insight,"Language learning never truly ends; even after fluency you keep learning.",4,"2026-04-07 12:35:39",groq_batch_13r_outputs.normalized,groq_batch_13r_outputs.normalized,
2323,concept_insight_f7727fcdb173,Insight,"If you grind you can be B2 within 2 years, but without desire you may stagnate.",4,"2026-04-07 12:35:39",groq_batch_13r_outputs.normalized,groq_batch_13r_outputs.normalized,
2324,concept_insight_28aeb1f16e83,Insight,"Some users still feel not fluent after 10 years of study.",4,"2026-04-07 12:35:39",groq_batch_13r_outputs.normalized,groq_batch_13r_outputs.normalized,
2328,concept_domain_aa47eda7be45,Domain,"Mental Health",1,"2026-04-08 11:51:34",groq_batch_2r_outputs.normalized,groq_batch_2r_outputs.normalized,
2329,concept_domain_4509fdb543d8,Domain,"Internet Culture",1,"2026-04-08 11:51:34",groq_batch_2r_outputs.normalized,groq_batch_2r_outputs.normalized,
2330,concept_theme_f9ec383716a5,Theme,"Existential alienation",2,"2026-04-08 11:51:34",groq_batch_2r_outputs.normalized,groq_batch_2r_outputs.normalized,
2331,concept_theme_6fa15ae3215d,Theme,"Outlier identity",2,"2026-04-08 11:51:34",groq_batch_2r_outputs.normalized,groq_batch_2r_outputs.normalized,
2332,concept_theme_c96c4aa006fa,Theme,"Sibling shared trauma",2,"2026-04-08 11:51:34",groq_batch_2r_outputs.normalized,groq_batch_2r_outputs.normalized,
2333,concept_theme_a5f45bb69d3f,Theme,"Depression and meaninglessness",2,"2026-04-08 11:51:34",groq_batch_2r_outputs.normalized,groq_batch_2r_outputs.normalized,
2334,concept_theme_76de49f9448c,Theme,"Social isolation in modern society",2,"2026-04-08 11:51:34",groq_batch_2r_outputs.normalized,groq_batch_2r_outputs.normalized,
2335,concept_theme_5179cfdb24f2,Theme,"Critique of self‑help rhetoric",2,"2026-04-08 11:51:34",groq_batch_2r_outputs.normalized,groq_batch_2r_outputs.normalized,
2336,concept_theme_dd5e74e05fc7,Theme,"Desire for authentic connection",2,"2026-04-08 11:51:34",groq_batch_2r_outputs.normalized,groq_batch_2r_outputs.normalized,
2337,concept_theme_64f96da1313e,Theme,"Coping mechanisms (distraction, crying, screaming)",2,"2026-04-08 11:51:34",groq_batch_2r_outputs.normalized,groq_batch_2r_outputs.normalized,
2338,concept_concept_ece730669f30,Concept,Outlier,3,"2026-04-08 11:51:34",groq_batch_2r_outputs.normalized,groq_batch_2r_outputs.normalized,
2339,concept_concept_d36436703735,Concept,Existentialism,3,"2026-04-08 11:51:34",groq_batch_2r_outputs.normalized,groq_batch_2r_outputs.normalized,
2340,concept_problem_720012904c40,Problem,Depression,3,"2026-04-08 11:51:34",groq_batch_2r_outputs.normalized,groq_batch_2r_outputs.normalized,
2341,concept_concept_4f51de207e1c,Concept,Alienation,3,"2026-04-08 11:51:34",groq_batch_2r_outputs.normalized,groq_batch_2r_outputs.normalized,
2342,concept_concept_ccad40965cda,Concept,"Sibling bond",3,"2026-04-08 11:51:34",groq_batch_2r_outputs.normalized,groq_batch_2r_outputs.normalized,
2343,concept_concept_f2612e61fb89,Concept,Trauma,3,"2026-04-08 11:51:34",groq_batch_2r_outputs.normalized,groq_batch_2r_outputs.normalized,
2344,concept_organization_aa48a1e8acbb,Organization,"Self‑help motivational speakers",3,"2026-04-08 11:51:34",groq_batch_2r_outputs.normalized,groq_batch_2r_outputs.normalized,
2345,concept_concept_4ad86230fefa,Concept,Meaninglessness,3,"2026-04-08 11:51:34",groq_batch_2r_outputs.normalized,groq_batch_2r_outputs.normalized,
2346,concept_problem_0bdb66f6296c,Problem,"Social anxiety",3,"2026-04-08 11:51:34",groq_batch_2r_outputs.normalized,groq_batch_2r_outputs.normalized,
2347,concept_concept_8fc42959d619,Concept,"Authentic listening",3,"2026-04-08 11:51:34",groq_batch_2r_outputs.normalized,groq_batch_2r_outputs.normalized,
2348,concept_person_e7ff4faf8f1c,Person,"Grounding mother",3,"2026-04-08 11:51:34",groq_batch_2r_outputs.normalized,groq_batch_2r_outputs.normalized,
2349,concept_quote_3a62f496d3de,Quote,"""Fruit loop"" metaphor",3,"2026-04-08 11:51:34",groq_batch_2r_outputs.normalized,groq_batch_2r_outputs.normalized,
2350,concept_insight_3bdb367e7fa7,Insight,"""Outlier can also mean a person who is so alone, also in his thoughts & feelings, that nobody knows ",4,"2026-04-08 11:51:34",groq_batch_2r_outputs.normalized,groq_batch_2r_outputs.normalized,
2351,concept_insight_c8619b17662d,Insight,"""I have 0 friends irl, no matter how much I support or love people...""",4,"2026-04-08 11:51:34",groq_batch_2r_outputs.normalized,groq_batch_2r_outputs.normalized,
2352,concept_insight_6b38b7160609,Insight,"""Distracting the mind is only a temporary solution until the dread hits you again.""",4,"2026-04-08 11:51:34",groq_batch_2r_outputs.normalized,groq_batch_2r_outputs.normalized,
2353,concept_insight_d3bd3aa487db,Insight,"""Take the risk of sounding like a lunatic, worst case people write you off as a nutjob… but you also",4,"2026-04-08 11:51:34",groq_batch_2r_outputs.normalized,groq_batch_2r_outputs.normalized,
2354,concept_insight_0843d2e6795a,Insight,"""The only thing my sibling and I share in common is trauma.""",4,"2026-04-08 11:51:34",groq_batch_2r_outputs.normalized,groq_batch_2r_outputs.normalized,
2355,concept_insight_b928cd92c0cb,Insight,"Feeling like an ""outlier"" is often misused by self‑help culture to glorify success rather than ackno",4,"2026-04-08 11:51:34",groq_batch_2r_outputs.normalized,groq_batch_2r_outputs.normalized,
2356,concept_insight_e98f148d5af2,Insight,"The post highlights a paradox: deep empathy with a sibling versus total disconnect from broader soci",4,"2026-04-08 11:51:34",groq_batch_2r_outputs.normalized,groq_batch_2r_outputs.normalized,
2357,concept_domain_821cc2a93f58,Domain,"Music History",1,"2026-04-08 11:51:34",groq_batch_2r_outputs.normalized,groq_batch_2r_outputs.normalized,
2358,concept_domain_876f3ddf072c,Domain,"Popular Culture",1,"2026-04-08 11:51:34",groq_batch_2r_outputs.normalized,groq_batch_2r_outputs.normalized,
2360,concept_domain_5d6f93e39155,Domain,Biography,1,"2026-04-08 11:51:34",groq_batch_2r_outputs.normalized,groq_batch_2r_outputs.normalized,
2362,concept_theme_726f8252ec56,Theme,"Beatles breakup dynamics",2,"2026-04-08 11:51:34",groq_batch_2r_outputs.normalized,groq_batch_2r_outputs.normalized,
2363,concept_theme_a1ab6058c490,Theme,"Fan club communications as primary sources",2,"2026-04-08 11:51:34",groq_batch_2r_outputs.normalized,groq_batch_2r_outputs.normalized,
2364,concept_theme_6c67b36cb0c6,Theme,"1970s music industry context",2,"2026-04-08 11:51:34",groq_batch_2r_outputs.normalized,groq_batch_2r_outputs.normalized,
2365,concept_theme_d421457b3cc7,Theme,"Artist friendships and conflict",2,"2026-04-08 11:51:34",groq_batch_2r_outputs.normalized,groq_batch_2r_outputs.normalized,
2366,concept_theme_8908232dd38c,Theme,"Paul McCartney’s personal reflections",2,"2026-04-08 11:51:34",groq_batch_2r_outputs.normalized,groq_batch_2r_outputs.normalized,
2367,concept_theme_136ca3275b15,Theme,"Legacy of the Beatles in popular culture",2,"2026-04-08 11:51:34",groq_batch_2r_outputs.normalized,groq_batch_2r_outputs.normalized,
2368,concept_theme_f66848e1a962,Theme,"Raw interview material (Hunter Davies, Salewicz)",2,"2026-04-08 11:51:34",groq_batch_2r_outputs.normalized,groq_batch_2r_outputs.normalized,
2369,concept_theme_8f9e6651c54a,Theme,"Narratives of loss and nostalgia",2,"2026-04-08 11:51:34",groq_batch_2r_outputs.normalized,groq_batch_2r_outputs.normalized,
2370,concept_person_20c1b93f7e34,Person,"Paul McCartney",3,"2026-04-08 11:51:34",groq_batch_2r_outputs.normalized,groq_batch_2r_outputs.normalized,
2371,concept_person_58f1420c6f50,Person,"John Lennon",3,"2026-04-08 11:51:34",groq_batch_2r_outputs.normalized,groq_batch_2r_outputs.normalized,
2372,concept_organization_b460d8591b2a,Organization,"Beatles Fan Club",3,"2026-04-08 11:51:34",groq_batch_2r_outputs.normalized,groq_batch_2r_outputs.normalized,
2373,concept_example_c1634e18856c,Example,"1971 Fan Club Letter",3,"2026-04-08 11:51:34",groq_batch_2r_outputs.normalized,groq_batch_2r_outputs.normalized,
2374,concept_event_edf85ab35d95,Event,"Hunter Davies 1981 rant",3,"2026-04-08 11:51:34",groq_batch_2r_outputs.normalized,groq_batch_2r_outputs.normalized,
2375,concept_event_1109f14be3b2,Event,"Salewicz 1986 interview",3,"2026-04-08 11:51:34",groq_batch_2r_outputs.normalized,groq_batch_2r_outputs.normalized,
2376,concept_quote_7210e75775f7,Quote,"""Army Buddies"" quote",3,"2026-04-08 11:51:34",groq_batch_2r_outputs.normalized,groq_batch_2r_outputs.normalized,
2377,concept_quote_8b46b947177f,Quote,"""Everyone who goes through an earthquake tells a different story"" quote",3,"2026-04-08 11:51:34",groq_batch_2r_outputs.normalized,groq_batch_2r_outputs.normalized,
2378,concept_project_131b8499d54c,Project,"Get Back sessions",3,"2026-04-08 11:51:34",groq_batch_2r_outputs.normalized,groq_batch_2r_outputs.normalized,
2379,concept_concept_5c2ff70cd5f5,Concept,"Olympia Press book reference",3,"2026-04-08 11:51:34",groq_batch_2r_outputs.normalized,groq_batch_2r_outputs.normalized,
2380,concept_concept_782a18e428f9,Concept,"Fan nostalgia and emotional response",3,"2026-04-08 11:51:34",groq_batch_2r_outputs.normalized,groq_batch_2r_outputs.normalized,
2381,concept_example_ebd9b78fdae3,Example,"Paul’s signature ""Paul Ramon""",3,"2026-04-08 11:51:34",groq_batch_2r_outputs.normalized,groq_batch_2r_outputs.normalized,
2382,concept_insight_910fab2e698d,Insight,"""John and I were really Army Buddies. That’s what it was like really. I realize now we never got to ",4,"2026-04-08 11:51:34",groq_batch_2r_outputs.normalized,groq_batch_2r_outputs.normalized,
2383,concept_insight_fb3a899cd95e,Insight,"""Everyone who goes through an earthquake tells a different story and they’re all true.""",4,"2026-04-08 11:51:34",groq_batch_2r_outputs.normalized,groq_batch_2r_outputs.normalized,
2384,concept_insight_4cc10bc4c486,Insight,"Paul’s letter ends with a hopeful note: ""P.S. If you’re patient, in about 20 years, I will fill my l",4,"2026-04-08 11:51:34",groq_batch_2r_outputs.normalized,groq_batch_2r_outputs.normalized,
2385,concept_insight_2a6dcd0dc51d,Insight,"Commenters note the rawness of Paul’s 1981 Hunter Davies rant as a rare unfiltered glimpse into his ",4,"2026-04-08 11:51:34",groq_batch_2r_outputs.normalized,groq_batch_2r_outputs.normalized,
2386,concept_insight_ac1011b7015f,Insight,"The signature ""Signed, Paul Ramon"" hints at Paul’s playful or protective use of a pseudonym in fan c",4,"2026-04-08 11:51:34",groq_batch_2r_outputs.normalized,groq_batch_2r_outputs.normalized,
