saved_item_id,canonical_url,batch_file,batched_at
00fef682-e24d-4630-a407-0a321fb2dfea,https://www.reddit.com/r/TaylorSwift/comments/12ho7o1/inside_taylor_swift_and_joe_alwyns_differences/,"D:\My Docs\Product Management\P4\Working Code\max sophisticated\backend\data\groq_batch_all_1775564838.jsonl","2026-04-07 12:27:18"
034969fc-29d5-4674-a9f4-204a12cee20c,https://www.reddit.com/r/AskWomen/comments/10g19ab/what_is_the_most_interesting_andor_terrifying/,"D:\My Docs\Product Management\P4\Working Code\max sophisticated\backend\data\groq_batch_all_1775564838.jsonl","2026-04-07 12:27:19"
02398c33-87f7-4b79-98bb-969a5ed1f4d7,https://www.reddit.com/r/DeepThoughts/comments/1i3qe3k/the_vast_majority_are_bankrupt_in_terms_of/,"D:\My Docs\Product Management\P4\Working Code\max sophisticated\backend\data\groq_batch_all_1775564838.jsonl","2026-04-07 12:27:19"
023aa621-3015-4390-a632-693ea9c7e7f4,https://www.reddit.com/r/AskAGerman/comments/1cb14fu/recommendations_for_my_argentinian_girlfriend/,"D:\My Docs\Product Management\P4\Working Code\max sophisticated\backend\data\groq_batch_all_1775564838.jsonl","2026-04-07 12:27:19"
02bd2170-997d-481b-89c3-523beb783fbc,https://www.reddit.com/r/Presidents/comments/1k0lfu2/comment/mnezc55/,"D:\My Docs\Product Management\P4\Working Code\max sophisticated\backend\data\groq_batch_all_1775564838.jsonl","2026-04-07 12:27:19"
00648635-0493-4a01-a9d2-0d57e0c97566,https://www.reddit.com/r/Presidents/comments/1br75yp/comment/kx8rcsi/,"D:\My Docs\Product Management\P4\Working Code\max sophisticated\backend\data\groq_batch_all_1775564838.jsonl","2026-04-07 12:27:19"
025fd736-4958-4b5c-a14b-ed69aa3627f7,https://www.reddit.com/r/lawofattraction/comments/1eg3x3f/youre_actually_great_at_manifestation/,"D:\My Docs\Product Management\P4\Working Code\max sophisticated\backend\data\groq_batch_all_1775564838.jsonl","2026-04-07 12:27:19"
00bd5cad-1eae-42dc-8cb1-54ef27c19d43,https://www.reddit.com/r/IndianHistory/comments/1b4tcj3/comment/kt3cy96/,"D:\My Docs\Product Management\P4\Working Code\max sophisticated\backend\data\groq_batch_all_1775564838.jsonl","2026-04-07 12:27:19"
03f30ca9-d0ac-4812-b335-b8c507adfebe,https://www.reddit.com/r/TaylorSwift/comments/11blmhe/which_lyrics_or_lyrical_detail_impact_the_meaning/,"D:\My Docs\Product Management\P4\Working Code\max sophisticated\backend\data\groq_batch_all_1775564838.jsonl","2026-04-07 12:27:19"
037eee92-6d75-4b41-bf19-8a0ec79a6b6f,https://www.reddit.com/r/developersIndia/comments/1qf26xo/the_software_qualities_have_declined_a_lot_of_the,"D:\My Docs\Product Management\P4\Working Code\max sophisticated\backend\data\groq_batch_all_1775564838.jsonl","2026-04-07 12:27:19"
04acae5b-61e2-4654-84f8-bd7997618a6a,https://www.reddit.com/r/SimulationTheory/comments/1quaghg/im_a_mechanic_i_think_i_figured_out_why_time,"D:\My Docs\Product Management\P4\Working Code\max sophisticated\backend\data\groq_batch_all_1775564838.jsonl","2026-04-07 12:27:19"
00ac2bfa-811e-4fd7-b331-ba2a3c13fcea,https://www.reddit.com/r/TwoXChromosomes/comments/1k0c0oc/women_are_just_as_lonely_as_men_yet_no_one_talks/,"D:\My Docs\Product Management\P4\Working Code\max sophisticated\backend\data\groq_batch_all_1775564838.jsonl","2026-04-07 12:27:20"
009a3e99-2761-4c6d-a8d8-dac67d49eb51,https://www.reddit.com/r/German/comments/1342kfk/non_germanspeaking_natives_how_long_did_it_take/,"D:\My Docs\Product Management\P4\Working Code\max sophisticated\backend\data\groq_batch_all_1775564838.jsonl","2026-04-07 12:27:20"
0314170e-a3a3-43fa-acfe-2cae82301b9e,https://www.reddit.com/r/Existential_crisis/comments/1120fjb/have_you_ever_feel_alone_because_of_your_thinking/,"D:\My Docs\Product Management\P4\Working Code\max sophisticated\backend\data\groq_batch_all_1775648657.jsonl","2026-04-08 11:44:17"
03c85631-d4b6-47cf-a5f6-800ab8865a9d,https://www.reddit.com/r/beatles/comments/1cqqqkq/paul_mccartneys_final_letter_to_the_beatles_fan/,"D:\My Docs\Product Management\P4\Working Code\max sophisticated\backend\data\groq_batch_all_1775648657.jsonl","2026-04-08 11:44:17"
