source_node_id,concept_node_id,confidence,batch_id,updated_at,profile_id
source_a6e44dd98eed381bb7ffa4d019c61b157f9daaaa,concept_domain_e19086aaa18e,0.9,groq_batch_13r_outputs.normalized,"2026-04-07 12:35:39",
source_a6e44dd98eed381bb7ffa4d019c61b157f9daaaa,concept_domain_1b0fc624c2e1,0.8,groq_batch_13r_outputs.normalized,"2026-04-07 12:35:39",
source_a6e44dd98eed381bb7ffa4d019c61b157f9daaaa,concept_domain_cee803d4cfc3,0.7,groq_batch_13r_outputs.normalized,"2026-04-07 12:35:39",
source_a6e44dd98eed381bb7ffa4d019c61b157f9daaaa,concept_domain_0cb9c36cb6da,0.6,groq_batch_13r_outputs.normalized,"2026-04-07 12:35:39",
source_a6e44dd98eed381bb7ffa4d019c61b157f9daaaa,concept_domain_68b5c531a430,0.6,groq_batch_13r_outputs.normalized,"2026-04-07 12:35:39",
source_a6e44dd98eed381bb7ffa4d019c61b157f9daaaa,concept_theme_7a0a498a851b,0.8,groq_batch_13r_outputs.normalized,"2026-04-07 12:35:39",
source_a6e44dd98eed381bb7ffa4d019c61b157f9daaaa,concept_theme_a9d4963e4af4,0.9,groq_batch_13r_outputs.normalized,"2026-04-07 12:35:39",
source_a6e44dd98eed381bb7ffa4d019c61b157f9daaaa,concept_theme_7252661eddc1,0.9,groq_batch_13r_outputs.normalized,"2026-04-07 12:35:39",
source_a6e44dd98eed381bb7ffa4d019c61b157f9daaaa,concept_theme_1153174560cc,0.8,groq_batch_13r_outputs.normalized,"2026-04-07 12:35:39",
source_a6e44dd98eed381bb7ffa4d019c61b157f9daaaa,concept_theme_fdb178f712b2,0.7,groq_batch_13r_outputs.normalized,"2026-04-07 12:35:39",
source_a6e44dd98eed381bb7ffa4d019c61b157f9daaaa,concept_theme_e2d0e38cfde1,0.7,groq_batch_13r_outputs.normalized,"2026-04-07 12:35:39",
source_a6e44dd98eed381bb7ffa4d019c61b157f9daaaa,concept_theme_820db04b004d,0.6,groq_batch_13r_outputs.normalized,"2026-04-07 12:35:39",
source_a6e44dd98eed381bb7ffa4d019c61b157f9daaaa,concept_theme_297d28a28e80,0.6,groq_batch_13r_outputs.normalized,"2026-04-07 12:35:39",
source_a6e44dd98eed381bb7ffa4d019c61b157f9daaaa,concept_person_8240af5ee220,0.85,groq_batch_13r_outputs.normalized,"2026-04-07 12:35:39",
source_a6e44dd98eed381bb7ffa4d019c61b157f9daaaa,concept_person_5ebf778f5317,0.8,groq_batch_13r_outputs.normalized,"2026-04-07 12:35:39",
source_a6e44dd98eed381bb7ffa4d019c61b157f9daaaa,concept_person_21f27c1e1465,0.6,groq_batch_13r_outputs.normalized,"2026-04-07 12:35:39",
source_a6e44dd98eed381bb7ffa4d019c61b157f9daaaa,concept_person_e44b6c0c3af3,0.75,groq_batch_13r_outputs.normalized,"2026-04-07 12:35:39",
source_a6e44dd98eed381bb7ffa4d019c61b157f9daaaa,concept_person_f6c4b3732059,0.85,groq_batch_13r_outputs.normalized,"2026-04-07 12:35:39",
source_a6e44dd98eed381bb7ffa4d019c61b157f9daaaa,concept_event_2b3c90ec0ea9,0.8,groq_batch_13r_outputs.normalized,"2026-04-07 12:35:39",
source_a6e44dd98eed381bb7ffa4d019c61b157f9daaaa,concept_event_00d56a9ad99d,0.7,groq_batch_13r_outputs.normalized,"2026-04-07 12:35:39",
source_a6e44dd98eed381bb7ffa4d019c61b157f9daaaa,concept_event_3f0cb2a18c66,0.7,groq_batch_13r_outputs.normalized,"2026-04-07 12:35:39",
source_a6e44dd98eed381bb7ffa4d019c61b157f9daaaa,concept_concept_e2ca4ff60c78,0.6,groq_batch_13r_outputs.normalized,"2026-04-07 12:35:39",
source_a6e44dd98eed381bb7ffa4d019c61b157f9daaaa,concept_concept_106d6f9b3f78,0.8,groq_batch_13r_outputs.normalized,"2026-04-07 12:35:39",
source_a6e44dd98eed381bb7ffa4d019c61b157f9daaaa,concept_concept_7e033ea7ea53,0.9,groq_batch_13r_outputs.normalized,"2026-04-07 12:35:39",
source_a6e44dd98eed381bb7ffa4d019c61b157f9daaaa,concept_concept_6407111ba2a4,0.7,groq_batch_13r_outputs.normalized,"2026-04-07 12:35:39",
source_a6e44dd98eed381bb7ffa4d019c61b157f9daaaa,concept_event_1afdd4884d52,0.6,groq_batch_13r_outputs.normalized,"2026-04-07 12:35:39",
source_a6e44dd98eed381bb7ffa4d019c61b157f9daaaa,concept_person_c6b32b63db61,0.7,groq_batch_13r_outputs.normalized,"2026-04-07 12:35:39",
source_a6e44dd98eed381bb7ffa4d019c61b157f9daaaa,concept_insight_b28bdff91700,0.9,groq_batch_13r_outputs.normalized,"2026-04-07 12:35:39",
source_a6e44dd98eed381bb7ffa4d019c61b157f9daaaa,concept_insight_f53b22048880,0.85,groq_batch_13r_outputs.normalized,"2026-04-07 12:35:39",
source_a6e44dd98eed381bb7ffa4d019c61b157f9daaaa,concept_insight_47838f281218,0.8,groq_batch_13r_outputs.normalized,"2026-04-07 12:35:39",
source_a6e44dd98eed381bb7ffa4d019c61b157f9daaaa,concept_insight_dcf5570de78a,0.7,groq_batch_13r_outputs.normalized,"2026-04-07 12:35:39",
source_a6e44dd98eed381bb7ffa4d019c61b157f9daaaa,concept_insight_64e732b75dd6,0.75,groq_batch_13r_outputs.normalized,"2026-04-07 12:35:39",
source_a6e44dd98eed381bb7ffa4d019c61b157f9daaaa,concept_insight_905000696726,0.7,groq_batch_13r_outputs.normalized,"2026-04-07 12:35:39",
source_00b726ced357bf6704b400a792b4c0f4d41c2380,concept_domain_1b0fc624c2e1,0.95,groq_batch_13r_outputs.normalized,"2026-04-07 12:35:39",
source_00b726ced357bf6704b400a792b4c0f4d41c2380,concept_domain_856e8d2e7ee2,0.9,groq_batch_13r_outputs.normalized,"2026-04-07 12:35:39",
source_00b726ced357bf6704b400a792b4c0f4d41c2380,concept_domain_c3b6f5840cc9,0.9,groq_batch_13r_outputs.normalized,"2026-04-07 12:35:39",
source_00b726ced357bf6704b400a792b4c0f4d41c2380,concept_domain_caee2af76561,0.85,groq_batch_13r_outputs.normalized,"2026-04-07 12:35:39",
source_00b726ced357bf6704b400a792b4c0f4d41c2380,concept_domain_53bbdf8cb7ec,0.8,groq_batch_13r_outputs.normalized,"2026-04-07 12:35:39",
source_00b726ced357bf6704b400a792b4c0f4d41c2380,concept_theme_7972f0e7e448,0.9,groq_batch_13r_outputs.normalized,"2026-04-07 12:35:39",
source_00b726ced357bf6704b400a792b4c0f4d41c2380,concept_theme_ef4a5f63202e,0.85,groq_batch_13r_outputs.normalized,"2026-04-07 12:35:39",
source_00b726ced357bf6704b400a792b4c0f4d41c2380,concept_theme_a1985c85fa2e,0.88,groq_batch_13r_outputs.normalized,"2026-04-07 12:35:39",
source_00b726ced357bf6704b400a792b4c0f4d41c2380,concept_theme_fa5840fd8c6b,0.87,groq_batch_13r_outputs.normalized,"2026-04-07 12:35:39",
source_00b726ced357bf6704b400a792b4c0f4d41c2380,concept_theme_24dd1ca79d25,0.86,groq_batch_13r_outputs.normalized,"2026-04-07 12:35:39",
source_00b726ced357bf6704b400a792b4c0f4d41c2380,concept_theme_745975005936,0.8,groq_batch_13r_outputs.normalized,"2026-04-07 12:35:39",
source_00b726ced357bf6704b400a792b4c0f4d41c2380,concept_theme_cc4b66d16c07,0.78,groq_batch_13r_outputs.normalized,"2026-04-07 12:35:39",
source_00b726ced357bf6704b400a792b4c0f4d41c2380,concept_theme_1113530e106b,0.77,groq_batch_13r_outputs.normalized,"2026-04-07 12:35:39",
source_00b726ced357bf6704b400a792b4c0f4d41c2380,concept_person_a334dbd6bdf5,0.96,groq_batch_13r_outputs.normalized,"2026-04-07 12:35:39",
source_00b726ced357bf6704b400a792b4c0f4d41c2380,concept_person_da9b195bd690,0.94,groq_batch_13r_outputs.normalized,"2026-04-07 12:35:39",
source_00b726ced357bf6704b400a792b4c0f4d41c2380,concept_event_cabbaa68cbfe,0.98,groq_batch_13r_outputs.normalized,"2026-04-07 12:35:39",
source_00b726ced357bf6704b400a792b4c0f4d41c2380,concept_event_9861163e8d9e,0.78,groq_batch_13r_outputs.normalized,"2026-04-07 12:35:39",
source_00b726ced357bf6704b400a792b4c0f4d41c2380,concept_concept_b4100f06ff66,0.88,groq_batch_13r_outputs.normalized,"2026-04-07 12:35:39",
source_00b726ced357bf6704b400a792b4c0f4d41c2380,concept_event_51f88cef979a,0.92,groq_batch_13r_outputs.normalized,"2026-04-07 12:35:39",
source_00b726ced357bf6704b400a792b4c0f4d41c2380,concept_event_72a5e6049f14,0.93,groq_batch_13r_outputs.normalized,"2026-04-07 12:35:39",
source_00b726ced357bf6704b400a792b4c0f4d41c2380,concept_person_04f6a21252a0,0.95,groq_batch_13r_outputs.normalized,"2026-04-07 12:35:39",
source_00b726ced357bf6704b400a792b4c0f4d41c2380,concept_person_fe864868902c,0.75,groq_batch_13r_outputs.normalized,"2026-04-07 12:35:39",
source_00b726ced357bf6704b400a792b4c0f4d41c2380,concept_problem_f51fb4657608,0.84,groq_batch_13r_outputs.normalized,"2026-04-07 12:35:39",
source_00b726ced357bf6704b400a792b4c0f4d41c2380,concept_concept_7802f292d33f,0.81,groq_batch_13r_outputs.normalized,"2026-04-07 12:35:39",
source_00b726ced357bf6704b400a792b4c0f4d41c2380,concept_framework_db5e2f336086,0.8,groq_batch_13r_outputs.normalized,"2026-04-07 12:35:39",
source_00b726ced357bf6704b400a792b4c0f4d41c2380,concept_insight_76798d343b6e,0.92,groq_batch_13r_outputs.normalized,"2026-04-07 12:35:39",
source_00b726ced357bf6704b400a792b4c0f4d41c2380,concept_insight_1694192f1956,0.88,groq_batch_13r_outputs.normalized,"2026-04-07 12:35:39",
source_00b726ced357bf6704b400a792b4c0f4d41c2380,concept_insight_efd382c67ae4,0.85,groq_batch_13r_outputs.normalized,"2026-04-07 12:35:39",
source_00b726ced357bf6704b400a792b4c0f4d41c2380,concept_insight_5cbd97b72edb,0.9,groq_batch_13r_outputs.normalized,"2026-04-07 12:35:39",
source_00b726ced357bf6704b400a792b4c0f4d41c2380,concept_insight_90e67928fa24,0.8,groq_batch_13r_outputs.normalized,"2026-04-07 12:35:39",
source_00b726ced357bf6704b400a792b4c0f4d41c2380,concept_insight_21742a43c3c1,0.78,groq_batch_13r_outputs.normalized,"2026-04-07 12:35:39",
source_00b726ced357bf6704b400a792b4c0f4d41c2380,concept_insight_228a5959e8f3,0.84,groq_batch_13r_outputs.normalized,"2026-04-07 12:35:39",
source_00b726ced357bf6704b400a792b4c0f4d41c2380,concept_insight_bccfe5e808c0,0.81,groq_batch_13r_outputs.normalized,"2026-04-07 12:35:39",
source_990e7ec4841786bb3ac9ce8dea8f25b69671f0d4,concept_domain_e19086aaa18e,0.9,groq_batch_13r_outputs.normalized,"2026-04-07 12:35:39",
source_990e7ec4841786bb3ac9ce8dea8f25b69671f0d4,concept_domain_db4d9c3bc628,0.9,groq_batch_13r_outputs.normalized,"2026-04-07 12:35:39",
source_990e7ec4841786bb3ac9ce8dea8f25b69671f0d4,concept_domain_7049e80c45da,0.8,groq_batch_13r_outputs.normalized,"2026-04-07 12:35:39",
source_990e7ec4841786bb3ac9ce8dea8f25b69671f0d4,concept_domain_2d54c8b8873f,0.8,groq_batch_13r_outputs.normalized,"2026-04-07 12:35:39",
source_990e7ec4841786bb3ac9ce8dea8f25b69671f0d4,concept_domain_ff2a5f10eba0,0.7,groq_batch_13r_outputs.normalized,"2026-04-07 12:35:39",
source_990e7ec4841786bb3ac9ce8dea8f25b69671f0d4,concept_theme_e4e9b6a01aa0,0.9,groq_batch_13r_outputs.normalized,"2026-04-07 12:35:39",
source_990e7ec4841786bb3ac9ce8dea8f25b69671f0d4,concept_theme_ae185a7e89ba,0.85,groq_batch_13r_outputs.normalized,"2026-04-07 12:35:39",
source_990e7ec4841786bb3ac9ce8dea8f25b69671f0d4,concept_theme_bda16218d10a,0.8,groq_batch_13r_outputs.normalized,"2026-04-07 12:35:39",
source_990e7ec4841786bb3ac9ce8dea8f25b69671f0d4,concept_theme_0b2bdbaf1512,0.8,groq_batch_13r_outputs.normalized,"2026-04-07 12:35:39",
source_990e7ec4841786bb3ac9ce8dea8f25b69671f0d4,concept_theme_5cbed3fc17c4,0.75,groq_batch_13r_outputs.normalized,"2026-04-07 12:35:39",
source_990e7ec4841786bb3ac9ce8dea8f25b69671f0d4,concept_theme_12cbe3a27907,0.8,groq_batch_13r_outputs.normalized,"2026-04-07 12:35:39",
source_990e7ec4841786bb3ac9ce8dea8f25b69671f0d4,concept_theme_23cc79d4ac5d,0.7,groq_batch_13r_outputs.normalized,"2026-04-07 12:35:39",
source_990e7ec4841786bb3ac9ce8dea8f25b69671f0d4,concept_theme_6881785e1d46,0.7,groq_batch_13r_outputs.normalized,"2026-04-07 12:35:39",
source_990e7ec4841786bb3ac9ce8dea8f25b69671f0d4,concept_concept_4f802f6c07a5,0.95,groq_batch_13r_outputs.normalized,"2026-04-07 12:35:39",
source_990e7ec4841786bb3ac9ce8dea8f25b69671f0d4,concept_concept_cab28b5d6cf6,0.85,groq_batch_13r_outputs.normalized,"2026-04-07 12:35:39",
source_990e7ec4841786bb3ac9ce8dea8f25b69671f0d4,concept_concept_dce6aea418f2,0.9,groq_batch_13r_outputs.normalized,"2026-04-07 12:35:39",
source_990e7ec4841786bb3ac9ce8dea8f25b69671f0d4,concept_concept_6606129d4be1,0.9,groq_batch_13r_outputs.normalized,"2026-04-07 12:35:39",
source_990e7ec4841786bb3ac9ce8dea8f25b69671f0d4,concept_concept_371b6e7c4c93,0.9,groq_batch_13r_outputs.normalized,"2026-04-07 12:35:39",
source_990e7ec4841786bb3ac9ce8dea8f25b69671f0d4,concept_event_560deabc58ca,0.8,groq_batch_13r_outputs.normalized,"2026-04-07 12:35:39",
source_990e7ec4841786bb3ac9ce8dea8f25b69671f0d4,concept_concept_0799453ba742,0.95,groq_batch_13r_outputs.normalized,"2026-04-07 12:35:39",
source_990e7ec4841786bb3ac9ce8dea8f25b69671f0d4,concept_event_d6be579f65ce,0.8,groq_batch_13r_outputs.normalized,"2026-04-07 12:35:39",
source_990e7ec4841786bb3ac9ce8dea8f25b69671f0d4,concept_data_458967e395ea,0.7,groq_batch_13r_outputs.normalized,"2026-04-07 12:35:39",
source_990e7ec4841786bb3ac9ce8dea8f25b69671f0d4,concept_example_1305baf5a434,0.75,groq_batch_13r_outputs.normalized,"2026-04-07 12:35:39",
source_990e7ec4841786bb3ac9ce8dea8f25b69671f0d4,concept_project_846f086d0e0c,0.85,groq_batch_13r_outputs.normalized,"2026-04-07 12:35:39",
source_990e7ec4841786bb3ac9ce8dea8f25b69671f0d4,concept_data_fccd50be3d39,0.85,groq_batch_13r_outputs.normalized,"2026-04-07 12:35:39",
source_990e7ec4841786bb3ac9ce8dea8f25b69671f0d4,concept_data_16f03d4e4c70,0.75,groq_batch_13r_outputs.normalized,"2026-04-07 12:35:39",
source_990e7ec4841786bb3ac9ce8dea8f25b69671f0d4,concept_person_7694d49afe8d,0.8,groq_batch_13r_outputs.normalized,"2026-04-07 12:35:39",
source_990e7ec4841786bb3ac9ce8dea8f25b69671f0d4,concept_concept_ee5c67875d9b,0.8,groq_batch_13r_outputs.normalized,"2026-04-07 12:35:39",
source_990e7ec4841786bb3ac9ce8dea8f25b69671f0d4,concept_insight_5100b8166653,0.9,groq_batch_13r_outputs.normalized,"2026-04-07 12:35:39",
source_990e7ec4841786bb3ac9ce8dea8f25b69671f0d4,concept_insight_b463ef2a803e,0.85,groq_batch_13r_outputs.normalized,"2026-04-07 12:35:39",
source_990e7ec4841786bb3ac9ce8dea8f25b69671f0d4,concept_insight_6417d9e86262,0.8,groq_batch_13r_outputs.normalized,"2026-04-07 12:35:39",
source_990e7ec4841786bb3ac9ce8dea8f25b69671f0d4,concept_insight_6224d4eaa223,0.75,groq_batch_13r_outputs.normalized,"2026-04-07 12:35:39",
source_3baf10297f1088f83ff9e0e6f6dbdcb36c8fca2d,concept_domain_10549d935983,0.95,groq_batch_13r_outputs.normalized,"2026-04-07 12:35:39",
source_3baf10297f1088f83ff9e0e6f6dbdcb36c8fca2d,concept_domain_5326cf49f80e,0.9,groq_batch_13r_outputs.normalized,"2026-04-07 12:35:39",
source_3baf10297f1088f83ff9e0e6f6dbdcb36c8fca2d,concept_domain_8925e91225ed,0.85,groq_batch_13r_outputs.normalized,"2026-04-07 12:35:39",
source_3baf10297f1088f83ff9e0e6f6dbdcb36c8fca2d,concept_domain_823daac77dc4,0.8,groq_batch_13r_outputs.normalized,"2026-04-07 12:35:39",
source_3baf10297f1088f83ff9e0e6f6dbdcb36c8fca2d,concept_domain_5dc11fbfb1c4,0.8,groq_batch_13r_outputs.normalized,"2026-04-07 12:35:39",
source_3baf10297f1088f83ff9e0e6f6dbdcb36c8fca2d,concept_theme_dbf2642a8ec3,0.93,groq_batch_13r_outputs.normalized,"2026-04-07 12:35:39",
source_3baf10297f1088f83ff9e0e6f6dbdcb36c8fca2d,concept_theme_4f48ec3dc840,0.9,groq_batch_13r_outputs.normalized,"2026-04-07 12:35:39",
source_3baf10297f1088f83ff9e0e6f6dbdcb36c8fca2d,concept_theme_8e269d61b3b7,0.85,groq_batch_13r_outputs.normalized,"2026-04-07 12:35:39",
source_3baf10297f1088f83ff9e0e6f6dbdcb36c8fca2d,concept_theme_a7fecbc80a27,0.8,groq_batch_13r_outputs.normalized,"2026-04-07 12:35:39",
source_3baf10297f1088f83ff9e0e6f6dbdcb36c8fca2d,concept_theme_0adab5543235,0.78,groq_batch_13r_outputs.normalized,"2026-04-07 12:35:39",
source_3baf10297f1088f83ff9e0e6f6dbdcb36c8fca2d,concept_theme_7e9c10cc412b,0.75,groq_batch_13r_outputs.normalized,"2026-04-07 12:35:39",
source_3baf10297f1088f83ff9e0e6f6dbdcb36c8fca2d,concept_theme_a13f57c75b49,0.7,groq_batch_13r_outputs.normalized,"2026-04-07 12:35:39",
source_3baf10297f1088f83ff9e0e6f6dbdcb36c8fca2d,concept_theme_4f6b17dc1d5d,0.68,groq_batch_13r_outputs.normalized,"2026-04-07 12:35:39",
source_3baf10297f1088f83ff9e0e6f6dbdcb36c8fca2d,concept_person_83c95af5001c,0.99,groq_batch_13r_outputs.normalized,"2026-04-07 12:35:39",
source_3baf10297f1088f83ff9e0e6f6dbdcb36c8fca2d,concept_person_ac4b64acdfab,0.99,groq_batch_13r_outputs.normalized,"2026-04-07 12:35:39",
source_3baf10297f1088f83ff9e0e6f6dbdcb36c8fca2d,concept_project_d428c5714bd7,0.88,groq_batch_13r_outputs.normalized,"2026-04-07 12:35:39",
source_3baf10297f1088f83ff9e0e6f6dbdcb36c8fca2d,concept_project_f73071ba917f,0.85,groq_batch_13r_outputs.normalized,"2026-04-07 12:35:39",
source_3baf10297f1088f83ff9e0e6f6dbdcb36c8fca2d,concept_project_5a7680340f1e,0.85,groq_batch_13r_outputs.normalized,"2026-04-07 12:35:39",
source_3baf10297f1088f83ff9e0e6f6dbdcb36c8fca2d,concept_project_2cf91f7afc68,0.85,groq_batch_13r_outputs.normalized,"2026-04-07 12:35:39",
source_3baf10297f1088f83ff9e0e6f6dbdcb36c8fca2d,concept_event_0c8b8d0dc95f,0.87,groq_batch_13r_outputs.normalized,"2026-04-07 12:35:39",
source_3baf10297f1088f83ff9e0e6f6dbdcb36c8fca2d,concept_event_20b4a47b8b62,0.9,groq_batch_13r_outputs.normalized,"2026-04-07 12:35:39",
source_3baf10297f1088f83ff9e0e6f6dbdcb36c8fca2d,concept_person_67306b016d0a,0.78,groq_batch_13r_outputs.normalized,"2026-04-07 12:35:39",
source_3baf10297f1088f83ff9e0e6f6dbdcb36c8fca2d,concept_organization_e2e89d036d4e,0.8,groq_batch_13r_outputs.normalized,"2026-04-07 12:35:39",
source_3baf10297f1088f83ff9e0e6f6dbdcb36c8fca2d,concept_project_67b77cb8335b,0.75,groq_batch_13r_outputs.normalized,"2026-04-07 12:35:39",
source_3baf10297f1088f83ff9e0e6f6dbdcb36c8fca2d,concept_concept_107a1b377f11,0.78,groq_batch_13r_outputs.normalized,"2026-04-07 12:35:39",
source_3baf10297f1088f83ff9e0e6f6dbdcb36c8fca2d,concept_concept_6a1271aaf29b,0.88,groq_batch_13r_outputs.normalized,"2026-04-07 12:35:39",
source_3baf10297f1088f83ff9e0e6f6dbdcb36c8fca2d,concept_concept_b37d41b0a351,0.8,groq_batch_13r_outputs.normalized,"2026-04-07 12:35:39",
source_3baf10297f1088f83ff9e0e6f6dbdcb36c8fca2d,concept_framework_422f1769eb93,0.77,groq_batch_13r_outputs.normalized,"2026-04-07 12:35:39",
source_3baf10297f1088f83ff9e0e6f6dbdcb36c8fca2d,concept_insight_5765b9b1a563,0.92,groq_batch_13r_outputs.normalized,"2026-04-07 12:35:39",
source_3baf10297f1088f83ff9e0e6f6dbdcb36c8fca2d,concept_insight_ecf42d44dda0,0.9,groq_batch_13r_outputs.normalized,"2026-04-07 12:35:39",
source_3baf10297f1088f83ff9e0e6f6dbdcb36c8fca2d,concept_insight_c255bd97a3f2,0.85,groq_batch_13r_outputs.normalized,"2026-04-07 12:35:39",
source_3baf10297f1088f83ff9e0e6f6dbdcb36c8fca2d,concept_insight_069b1c17faf8,0.88,groq_batch_13r_outputs.normalized,"2026-04-07 12:35:39",
source_3baf10297f1088f83ff9e0e6f6dbdcb36c8fca2d,concept_insight_eb7ab978da76,0.8,groq_batch_13r_outputs.normalized,"2026-04-07 12:35:39",
source_3baf10297f1088f83ff9e0e6f6dbdcb36c8fca2d,concept_insight_3d2cf9ee6805,0.78,groq_batch_13r_outputs.normalized,"2026-04-07 12:35:39",
source_3baf10297f1088f83ff9e0e6f6dbdcb36c8fca2d,concept_insight_339acd0dccdd,0.82,groq_batch_13r_outputs.normalized,"2026-04-07 12:35:39",
source_3baf10297f1088f83ff9e0e6f6dbdcb36c8fca2d,concept_insight_4317806b9f80,0.84,groq_batch_13r_outputs.normalized,"2026-04-07 12:35:39",
source_5265a6ff7020562666aaac16138bacae728c90f1,concept_domain_1602bd03169f,0.9,groq_batch_13r_outputs.normalized,"2026-04-07 12:35:39",
source_5265a6ff7020562666aaac16138bacae728c90f1,concept_domain_cee803d4cfc3,0.85,groq_batch_13r_outputs.normalized,"2026-04-07 12:35:39",
source_5265a6ff7020562666aaac16138bacae728c90f1,concept_domain_e8f8911d9105,0.88,groq_batch_13r_outputs.normalized,"2026-04-07 12:35:39",
source_5265a6ff7020562666aaac16138bacae728c90f1,concept_domain_86d37f6c96c1,0.8,groq_batch_13r_outputs.normalized,"2026-04-07 12:35:39",
source_5265a6ff7020562666aaac16138bacae728c90f1,concept_domain_823daac77dc4,0.78,groq_batch_13r_outputs.normalized,"2026-04-07 12:35:39",
source_5265a6ff7020562666aaac16138bacae728c90f1,concept_theme_f156a24f6899,0.9,groq_batch_13r_outputs.normalized,"2026-04-07 12:35:39",
source_5265a6ff7020562666aaac16138bacae728c90f1,concept_theme_2c6c49c54bbd,0.88,groq_batch_13r_outputs.normalized,"2026-04-07 12:35:39",
source_5265a6ff7020562666aaac16138bacae728c90f1,concept_theme_77353817aa33,0.84,groq_batch_13r_outputs.normalized,"2026-04-07 12:35:39",
source_5265a6ff7020562666aaac16138bacae728c90f1,concept_theme_c0edc0bf578f,0.82,groq_batch_13r_outputs.normalized,"2026-04-07 12:35:39",
source_5265a6ff7020562666aaac16138bacae728c90f1,concept_theme_9bad5ae05f7a,0.8,groq_batch_13r_outputs.normalized,"2026-04-07 12:35:39",
source_5265a6ff7020562666aaac16138bacae728c90f1,concept_theme_72d3351703a6,0.75,groq_batch_13r_outputs.normalized,"2026-04-07 12:35:39",
source_5265a6ff7020562666aaac16138bacae728c90f1,concept_theme_01d7c3fc0160,0.78,groq_batch_13r_outputs.normalized,"2026-04-07 12:35:39",
source_5265a6ff7020562666aaac16138bacae728c90f1,concept_theme_d1bb3a733135,0.77,groq_batch_13r_outputs.normalized,"2026-04-07 12:35:39",
source_5265a6ff7020562666aaac16138bacae728c90f1,concept_concept_65b51cb5f8d8,0.95,groq_batch_13r_outputs.normalized,"2026-04-07 12:35:39",
source_5265a6ff7020562666aaac16138bacae728c90f1,concept_problem_62f72052d5e3,0.9,groq_batch_13r_outputs.normalized,"2026-04-07 12:35:39",
source_5265a6ff7020562666aaac16138bacae728c90f1,concept_framework_4852c58bccb3,0.88,groq_batch_13r_outputs.normalized,"2026-04-07 12:35:39",
source_5265a6ff7020562666aaac16138bacae728c90f1,concept_concept_acee6882cb32,0.82,groq_batch_13r_outputs.normalized,"2026-04-07 12:35:39",
source_5265a6ff7020562666aaac16138bacae728c90f1,concept_concept_c6249fcaa743,0.78,groq_batch_13r_outputs.normalized,"2026-04-07 12:35:39",
source_5265a6ff7020562666aaac16138bacae728c90f1,concept_quote_9d5da0e072f7,0.74,groq_batch_13r_outputs.normalized,"2026-04-07 12:35:39",
source_5265a6ff7020562666aaac16138bacae728c90f1,concept_example_2c2b6b199fd7,0.8,groq_batch_13r_outputs.normalized,"2026-04-07 12:35:39",
source_5265a6ff7020562666aaac16138bacae728c90f1,concept_example_002bbaf681b5,0.81,groq_batch_13r_outputs.normalized,"2026-04-07 12:35:39",
source_5265a6ff7020562666aaac16138bacae728c90f1,concept_problem_7e804a096195,0.77,groq_batch_13r_outputs.normalized,"2026-04-07 12:35:39",
source_5265a6ff7020562666aaac16138bacae728c90f1,concept_quote_50fadc9cb514,0.73,groq_batch_13r_outputs.normalized,"2026-04-07 12:35:39",
source_5265a6ff7020562666aaac16138bacae728c90f1,concept_concept_88bb6fcdb482,0.79,groq_batch_13r_outputs.normalized,"2026-04-07 12:35:39",
source_5265a6ff7020562666aaac16138bacae728c90f1,concept_concept_8c0501b9a7a4,0.71,groq_batch_13r_outputs.normalized,"2026-04-07 12:35:39",
source_5265a6ff7020562666aaac16138bacae728c90f1,concept_insight_f2364366b111,0.94,groq_batch_13r_outputs.normalized,"2026-04-07 12:35:39",
source_5265a6ff7020562666aaac16138bacae728c90f1,concept_insight_b297b21c0778,0.92,groq_batch_13r_outputs.normalized,"2026-04-07 12:35:39",
source_5265a6ff7020562666aaac16138bacae728c90f1,concept_insight_88b1b52e8dca,0.88,groq_batch_13r_outputs.normalized,"2026-04-07 12:35:39",
source_5265a6ff7020562666aaac16138bacae728c90f1,concept_insight_7a031f02124a,0.86,groq_batch_13r_outputs.normalized,"2026-04-07 12:35:39",
source_5265a6ff7020562666aaac16138bacae728c90f1,concept_insight_0a53ef175f33,0.84,groq_batch_13r_outputs.normalized,"2026-04-07 12:35:39",
source_5265a6ff7020562666aaac16138bacae728c90f1,concept_insight_de31ee28a40b,0.8,groq_batch_13r_outputs.normalized,"2026-04-07 12:35:39",
source_5265a6ff7020562666aaac16138bacae728c90f1,concept_insight_b17947dfee84,0.78,groq_batch_13r_outputs.normalized,"2026-04-07 12:35:39",
source_8493576d871fa411c67d4255b66ffac619b5f85f,concept_domain_e19086aaa18e,0.9,groq_batch_13r_outputs.normalized,"2026-04-07 12:35:39",
source_8493576d871fa411c67d4255b66ffac619b5f85f,concept_domain_cae9453bc958,0.9,groq_batch_13r_outputs.normalized,"2026-04-07 12:35:39",
source_8493576d871fa411c67d4255b66ffac619b5f85f,concept_domain_5263cb23e03c,0.85,groq_batch_13r_outputs.normalized,"2026-04-07 12:35:39",
source_8493576d871fa411c67d4255b66ffac619b5f85f,concept_domain_7049e80c45da,0.7,groq_batch_13r_outputs.normalized,"2026-04-07 12:35:39",
source_8493576d871fa411c67d4255b66ffac619b5f85f,concept_domain_cee803d4cfc3,0.8,groq_batch_13r_outputs.normalized,"2026-04-07 12:35:39",
source_8493576d871fa411c67d4255b66ffac619b5f85f,concept_theme_1c8576ba87ea,0.9,groq_batch_13r_outputs.normalized,"2026-04-07 12:35:39",
source_8493576d871fa411c67d4255b66ffac619b5f85f,concept_theme_882929a7b1fc,0.8,groq_batch_13r_outputs.normalized,"2026-04-07 12:35:39",
source_8493576d871fa411c67d4255b66ffac619b5f85f,concept_theme_7707baba3f38,0.85,groq_batch_13r_outputs.normalized,"2026-04-07 12:35:39",
source_8493576d871fa411c67d4255b66ffac619b5f85f,concept_theme_78ef56b2913d,0.8,groq_batch_13r_outputs.normalized,"2026-04-07 12:35:39",
source_8493576d871fa411c67d4255b66ffac619b5f85f,concept_theme_84a7efb3cc4b,0.9,groq_batch_13r_outputs.normalized,"2026-04-07 12:35:39",
source_8493576d871fa411c67d4255b66ffac619b5f85f,concept_theme_62d14eaed788,0.85,groq_batch_13r_outputs.normalized,"2026-04-07 12:35:39",
source_8493576d871fa411c67d4255b66ffac619b5f85f,concept_theme_844f8ad3dc0e,0.8,groq_batch_13r_outputs.normalized,"2026-04-07 12:35:39",
source_8493576d871fa411c67d4255b66ffac619b5f85f,concept_theme_efb942ca159c,0.8,groq_batch_13r_outputs.normalized,"2026-04-07 12:35:39",
source_8493576d871fa411c67d4255b66ffac619b5f85f,concept_event_a5aaead05f60,0.9,groq_batch_13r_outputs.normalized,"2026-04-07 12:35:39",
source_8493576d871fa411c67d4255b66ffac619b5f85f,concept_person_209e09f17aee,0.9,groq_batch_13r_outputs.normalized,"2026-04-07 12:35:39",
source_8493576d871fa411c67d4255b66ffac619b5f85f,concept_concept_db0a89df95f2,0.85,groq_batch_13r_outputs.normalized,"2026-04-07 12:35:39",
source_8493576d871fa411c67d4255b66ffac619b5f85f,concept_problem_228069338742,0.8,groq_batch_13r_outputs.normalized,"2026-04-07 12:35:39",
source_8493576d871fa411c67d4255b66ffac619b5f85f,concept_example_c350b544c302,0.75,groq_batch_13r_outputs.normalized,"2026-04-07 12:35:39",
source_8493576d871fa411c67d4255b66ffac619b5f85f,concept_problem_8d73d1f51979,0.8,groq_batch_13r_outputs.normalized,"2026-04-07 12:35:39",
source_8493576d871fa411c67d4255b66ffac619b5f85f,concept_problem_2e23b0c031cb,0.75,groq_batch_13r_outputs.normalized,"2026-04-07 12:35:39",
source_8493576d871fa411c67d4255b66ffac619b5f85f,concept_data_0e01f40cc537,0.8,groq_batch_13r_outputs.normalized,"2026-04-07 12:35:39",
source_8493576d871fa411c67d4255b66ffac619b5f85f,concept_concept_da0ab406c538,0.85,groq_batch_13r_outputs.normalized,"2026-04-07 12:35:39",
source_8493576d871fa411c67d4255b66ffac619b5f85f,concept_concept_bc306f34f942,0.85,groq_batch_13r_outputs.normalized,"2026-04-07 12:35:39",
source_8493576d871fa411c67d4255b66ffac619b5f85f,concept_problem_ffa08b04465a,0.8,groq_batch_13r_outputs.normalized,"2026-04-07 12:35:39",
source_8493576d871fa411c67d4255b66ffac619b5f85f,concept_concept_f3306c002aa1,0.75,groq_batch_13r_outputs.normalized,"2026-04-07 12:35:39",
source_8493576d871fa411c67d4255b66ffac619b5f85f,concept_concept_b4a3b4f10ec7,0.7,groq_batch_13r_outputs.normalized,"2026-04-07 12:35:39",
source_8493576d871fa411c67d4255b66ffac619b5f85f,concept_concept_ddbb671a1d33,0.7,groq_batch_13r_outputs.normalized,"2026-04-07 12:35:39",
source_8493576d871fa411c67d4255b66ffac619b5f85f,concept_insight_f79a2b2de01c,0.9,groq_batch_13r_outputs.normalized,"2026-04-07 12:35:39",
source_8493576d871fa411c67d4255b66ffac619b5f85f,concept_insight_df41f79ebbde,0.9,groq_batch_13r_outputs.normalized,"2026-04-07 12:35:39",
source_8493576d871fa411c67d4255b66ffac619b5f85f,concept_insight_8eb9c952c4f3,0.85,groq_batch_13r_outputs.normalized,"2026-04-07 12:35:39",
source_8493576d871fa411c67d4255b66ffac619b5f85f,concept_insight_6720c7db8358,0.85,groq_batch_13r_outputs.normalized,"2026-04-07 12:35:39",
source_8493576d871fa411c67d4255b66ffac619b5f85f,concept_insight_f342bba5e9c7,0.8,groq_batch_13r_outputs.normalized,"2026-04-07 12:35:39",
source_8493576d871fa411c67d4255b66ffac619b5f85f,concept_insight_f2862c90cf5f,0.8,groq_batch_13r_outputs.normalized,"2026-04-07 12:35:39",
source_8493576d871fa411c67d4255b66ffac619b5f85f,concept_insight_2f3af464b666,0.75,groq_batch_13r_outputs.normalized,"2026-04-07 12:35:39",
source_8493576d871fa411c67d4255b66ffac619b5f85f,concept_insight_ba25e840c09c,0.85,groq_batch_13r_outputs.normalized,"2026-04-07 12:35:39",
source_d1e8067d6ce6d5a55dd55d3684e1922ddfa620e8,concept_domain_c5e34dfeae31,0.92,groq_batch_13r_outputs.normalized,"2026-04-07 12:35:39",
source_d1e8067d6ce6d5a55dd55d3684e1922ddfa620e8,concept_domain_56441dbefe7d,0.71,groq_batch_13r_outputs.normalized,"2026-04-07 12:35:39",
source_d1e8067d6ce6d5a55dd55d3684e1922ddfa620e8,concept_domain_d73d97c85da5,0.64,groq_batch_13r_outputs.normalized,"2026-04-07 12:35:39",
source_d1e8067d6ce6d5a55dd55d3684e1922ddfa620e8,concept_domain_a97f95cb9036,0.53,groq_batch_13r_outputs.normalized,"2026-04-07 12:35:39",
source_d1e8067d6ce6d5a55dd55d3684e1922ddfa620e8,concept_theme_cde874366311,0.88,groq_batch_13r_outputs.normalized,"2026-04-07 12:35:39",
source_d1e8067d6ce6d5a55dd55d3684e1922ddfa620e8,concept_theme_93218682a633,0.81,groq_batch_13r_outputs.normalized,"2026-04-07 12:35:39",
source_d1e8067d6ce6d5a55dd55d3684e1922ddfa620e8,concept_theme_0b9c40adb718,0.73,groq_batch_13r_outputs.normalized,"2026-04-07 12:35:39",
source_d1e8067d6ce6d5a55dd55d3684e1922ddfa620e8,concept_theme_0323cd1f92f0,0.79,groq_batch_13r_outputs.normalized,"2026-04-07 12:35:39",
source_d1e8067d6ce6d5a55dd55d3684e1922ddfa620e8,concept_theme_e3c7bbb32f9f,0.76,groq_batch_13r_outputs.normalized,"2026-04-07 12:35:39",
source_d1e8067d6ce6d5a55dd55d3684e1922ddfa620e8,concept_theme_cef9a9c9abea,0.62,groq_batch_13r_outputs.normalized,"2026-04-07 12:35:39",
source_d1e8067d6ce6d5a55dd55d3684e1922ddfa620e8,concept_theme_ed51747319b1,0.84,groq_batch_13r_outputs.normalized,"2026-04-07 12:35:39",
source_d1e8067d6ce6d5a55dd55d3684e1922ddfa620e8,concept_theme_13ccca9acff4,0.51,groq_batch_13r_outputs.normalized,"2026-04-07 12:35:39",
source_d1e8067d6ce6d5a55dd55d3684e1922ddfa620e8,concept_theme_e50b98f2c853,0.64,groq_batch_13r_outputs.normalized,"2026-04-07 12:35:39",
source_d1e8067d6ce6d5a55dd55d3684e1922ddfa620e8,concept_theme_8861e0d208d4,0.53,groq_batch_13r_outputs.normalized,"2026-04-07 12:35:39",
source_d1e8067d6ce6d5a55dd55d3684e1922ddfa620e8,concept_organization_7cc7b8406153,0.81,groq_batch_13r_outputs.normalized,"2026-04-07 12:35:39",
source_d1e8067d6ce6d5a55dd55d3684e1922ddfa620e8,concept_organization_96e1936d5f1d,0.71,groq_batch_13r_outputs.normalized,"2026-04-07 12:35:39",
source_d1e8067d6ce6d5a55dd55d3684e1922ddfa620e8,concept_concept_74cf9f64233a,0.62,groq_batch_13r_outputs.normalized,"2026-04-07 12:35:39",
source_d1e8067d6ce6d5a55dd55d3684e1922ddfa620e8,concept_concept_374ae172f793,0.74,groq_batch_13r_outputs.normalized,"2026-04-07 12:35:39",
source_d1e8067d6ce6d5a55dd55d3684e1922ddfa620e8,concept_organization_cc6183c7e6ae,0.77,groq_batch_13r_outputs.normalized,"2026-04-07 12:35:39",
source_d1e8067d6ce6d5a55dd55d3684e1922ddfa620e8,concept_organization_6fbd6e5190d5,0.66,groq_batch_13r_outputs.normalized,"2026-04-07 12:35:39",
source_d1e8067d6ce6d5a55dd55d3684e1922ddfa620e8,concept_organization_813cfe2f8018,0.61,groq_batch_13r_outputs.normalized,"2026-04-07 12:35:39",
source_d1e8067d6ce6d5a55dd55d3684e1922ddfa620e8,concept_project_b95862152ff3,0.71,groq_batch_13r_outputs.normalized,"2026-04-07 12:35:39",
source_d1e8067d6ce6d5a55dd55d3684e1922ddfa620e8,concept_concept_5f55fef87c9c,0.58,groq_batch_13r_outputs.normalized,"2026-04-07 12:35:39",
source_d1e8067d6ce6d5a55dd55d3684e1922ddfa620e8,concept_tool_4b55d9b84dce,0.52,groq_batch_13r_outputs.normalized,"2026-04-07 12:35:39",
source_d1e8067d6ce6d5a55dd55d3684e1922ddfa620e8,concept_organization_b6a4497856e2,0.51,groq_batch_13r_outputs.normalized,"2026-04-07 12:35:39",
source_d1e8067d6ce6d5a55dd55d3684e1922ddfa620e8,concept_example_2c80abdc7544,0.56,groq_batch_13r_outputs.normalized,"2026-04-07 12:35:39",
source_d1e8067d6ce6d5a55dd55d3684e1922ddfa620e8,concept_tool_95568d7edb44,0.63,groq_batch_13r_outputs.normalized,"2026-04-07 12:35:39",
source_d1e8067d6ce6d5a55dd55d3684e1922ddfa620e8,concept_problem_9726a7d48915,0.86,groq_batch_13r_outputs.normalized,"2026-04-07 12:35:39",
source_d1e8067d6ce6d5a55dd55d3684e1922ddfa620e8,concept_quote_a2986c10a43f,0.6,groq_batch_13r_outputs.normalized,"2026-04-07 12:35:39",
source_d1e8067d6ce6d5a55dd55d3684e1922ddfa620e8,concept_insight_e794810a13ef,0.84,groq_batch_13r_outputs.normalized,"2026-04-07 12:35:39",
source_d1e8067d6ce6d5a55dd55d3684e1922ddfa620e8,concept_insight_66536b1e36a7,0.78,groq_batch_13r_outputs.normalized,"2026-04-07 12:35:39",
source_d1e8067d6ce6d5a55dd55d3684e1922ddfa620e8,concept_insight_05aa6a7b8cdc,0.71,groq_batch_13r_outputs.normalized,"2026-04-07 12:35:39",
source_d1e8067d6ce6d5a55dd55d3684e1922ddfa620e8,concept_insight_470030ad4650,0.75,groq_batch_13r_outputs.normalized,"2026-04-07 12:35:39",
source_d1e8067d6ce6d5a55dd55d3684e1922ddfa620e8,concept_insight_ffa5d5a7b8cd,0.68,groq_batch_13r_outputs.normalized,"2026-04-07 12:35:39",
source_8392a42cb3d8ec779dec25d7f10e22765ee5897f,concept_domain_bdad25e4cd05,0.9,groq_batch_13r_outputs.normalized,"2026-04-07 12:35:39",
source_8392a42cb3d8ec779dec25d7f10e22765ee5897f,concept_domain_1602bd03169f,0.8,groq_batch_13r_outputs.normalized,"2026-04-07 12:35:39",
source_8392a42cb3d8ec779dec25d7f10e22765ee5897f,concept_domain_1847ca18206c,0.85,groq_batch_13r_outputs.normalized,"2026-04-07 12:35:39",
source_8392a42cb3d8ec779dec25d7f10e22765ee5897f,concept_domain_bb3345625297,0.6,groq_batch_13r_outputs.normalized,"2026-04-07 12:35:39",
source_8392a42cb3d8ec779dec25d7f10e22765ee5897f,concept_domain_c8b3347b1708,0.5,groq_batch_13r_outputs.normalized,"2026-04-07 12:35:39",
source_8392a42cb3d8ec779dec25d7f10e22765ee5897f,concept_theme_b72038f5164d,0.88,groq_batch_13r_outputs.normalized,"2026-04-07 12:35:39",
source_8392a42cb3d8ec779dec25d7f10e22765ee5897f,concept_theme_fb865f5891ae,0.84,groq_batch_13r_outputs.normalized,"2026-04-07 12:35:39",
source_8392a42cb3d8ec779dec25d7f10e22765ee5897f,concept_theme_4c07c6742963,0.81,groq_batch_13r_outputs.normalized,"2026-04-07 12:35:39",
source_8392a42cb3d8ec779dec25d7f10e22765ee5897f,concept_theme_6e012f9ac3a8,0.79,groq_batch_13r_outputs.normalized,"2026-04-07 12:35:39",
source_8392a42cb3d8ec779dec25d7f10e22765ee5897f,concept_theme_483da91bb614,0.77,groq_batch_13r_outputs.normalized,"2026-04-07 12:35:39",
source_8392a42cb3d8ec779dec25d7f10e22765ee5897f,concept_theme_4a9f91d1240d,0.75,groq_batch_13r_outputs.normalized,"2026-04-07 12:35:39",
source_8392a42cb3d8ec779dec25d7f10e22765ee5897f,concept_concept_7091d2715a81,0.92,groq_batch_13r_outputs.normalized,"2026-04-07 12:35:39",
source_8392a42cb3d8ec779dec25d7f10e22765ee5897f,concept_concept_dc6ee4cdb9aa,0.88,groq_batch_13r_outputs.normalized,"2026-04-07 12:35:39",
source_8392a42cb3d8ec779dec25d7f10e22765ee5897f,concept_framework_337240a96f40,0.86,groq_batch_13r_outputs.normalized,"2026-04-07 12:35:39",
source_8392a42cb3d8ec779dec25d7f10e22765ee5897f,concept_tool_d37deb11ab4f,0.84,groq_batch_13r_outputs.normalized,"2026-04-07 12:35:39",
source_8392a42cb3d8ec779dec25d7f10e22765ee5897f,concept_tool_c1c12d49d1e0,0.82,groq_batch_13r_outputs.normalized,"2026-04-07 12:35:39",
source_8392a42cb3d8ec779dec25d7f10e22765ee5897f,concept_tool_2b77fd0c6864,0.8,groq_batch_13r_outputs.normalized,"2026-04-07 12:35:39",
source_8392a42cb3d8ec779dec25d7f10e22765ee5897f,concept_tool_f9f6546dfe8a,0.73,groq_batch_13r_outputs.normalized,"2026-04-07 12:35:39",
source_8392a42cb3d8ec779dec25d7f10e22765ee5897f,concept_tool_7e4ff8ddf3e5,0.78,groq_batch_13r_outputs.normalized,"2026-04-07 12:35:39",
source_8392a42cb3d8ec779dec25d7f10e22765ee5897f,concept_problem_546dd49ff145,0.77,groq_batch_13r_outputs.normalized,"2026-04-07 12:35:39",
source_8392a42cb3d8ec779dec25d7f10e22765ee5897f,concept_problem_b762584fbc70,0.74,groq_batch_13r_outputs.normalized,"2026-04-07 12:35:39",
source_8392a42cb3d8ec779dec25d7f10e22765ee5897f,concept_person_1b6312ede318,0.71,groq_batch_13r_outputs.normalized,"2026-04-07 12:35:39",
source_8392a42cb3d8ec779dec25d7f10e22765ee5897f,concept_example_fc8aca7c31c2,0.68,groq_batch_13r_outputs.normalized,"2026-04-07 12:35:39",
source_8392a42cb3d8ec779dec25d7f10e22765ee5897f,concept_example_c32515ff90e8,0.66,groq_batch_13r_outputs.normalized,"2026-04-07 12:35:39",
source_8392a42cb3d8ec779dec25d7f10e22765ee5897f,concept_technique_592905ca697c,0.65,groq_batch_13r_outputs.normalized,"2026-04-07 12:35:39",
source_8392a42cb3d8ec779dec25d7f10e22765ee5897f,concept_project_8b776f795fa9,0.63,groq_batch_13r_outputs.normalized,"2026-04-07 12:35:39",
source_8392a42cb3d8ec779dec25d7f10e22765ee5897f,concept_insight_08d14842ffcd,0.95,groq_batch_13r_outputs.normalized,"2026-04-07 12:35:39",
source_8392a42cb3d8ec779dec25d7f10e22765ee5897f,concept_insight_9a7172f1d8c8,0.92,groq_batch_13r_outputs.normalized,"2026-04-07 12:35:39",
source_8392a42cb3d8ec779dec25d7f10e22765ee5897f,concept_insight_75611bbe455c,0.88,groq_batch_13r_outputs.normalized,"2026-04-07 12:35:39",
source_8392a42cb3d8ec779dec25d7f10e22765ee5897f,concept_insight_3bfd9524af0f,0.86,groq_batch_13r_outputs.normalized,"2026-04-07 12:35:39",
source_8392a42cb3d8ec779dec25d7f10e22765ee5897f,concept_insight_399c32fa40c8,0.84,groq_batch_13r_outputs.normalized,"2026-04-07 12:35:39",
source_8392a42cb3d8ec779dec25d7f10e22765ee5897f,concept_insight_2abca14dbe74,0.81,groq_batch_13r_outputs.normalized,"2026-04-07 12:35:39",
source_8392a42cb3d8ec779dec25d7f10e22765ee5897f,concept_insight_04f1c99b727c,0.78,groq_batch_13r_outputs.normalized,"2026-04-07 12:35:39",
source_8392a42cb3d8ec779dec25d7f10e22765ee5897f,concept_insight_8e7d70cde12a,0.75,groq_batch_13r_outputs.normalized,"2026-04-07 12:35:39",
source_414ac8255cc64b97b0614165b17701509ba38a47,concept_domain_a290a714846b,0.92,groq_batch_13r_outputs.normalized,"2026-04-07 12:35:39",
source_414ac8255cc64b97b0614165b17701509ba38a47,concept_domain_4f4118e273eb,0.88,groq_batch_13r_outputs.normalized,"2026-04-07 12:35:39",
source_414ac8255cc64b97b0614165b17701509ba38a47,concept_domain_8e9a57c2a700,0.81,groq_batch_13r_outputs.normalized,"2026-04-07 12:35:39",
source_414ac8255cc64b97b0614165b17701509ba38a47,concept_domain_e70a7d890fdc,0.85,groq_batch_13r_outputs.normalized,"2026-04-07 12:35:39",
source_414ac8255cc64b97b0614165b17701509ba38a47,concept_domain_aa086e443a06,0.78,groq_batch_13r_outputs.normalized,"2026-04-07 12:35:39",
source_414ac8255cc64b97b0614165b17701509ba38a47,concept_theme_41e347bb2550,0.9,groq_batch_13r_outputs.normalized,"2026-04-07 12:35:39",
source_414ac8255cc64b97b0614165b17701509ba38a47,concept_theme_6db96ab49b6a,0.87,groq_batch_13r_outputs.normalized,"2026-04-07 12:35:39",
source_414ac8255cc64b97b0614165b17701509ba38a47,concept_theme_70047803e06e,0.84,groq_batch_13r_outputs.normalized,"2026-04-07 12:35:39",
source_414ac8255cc64b97b0614165b17701509ba38a47,concept_theme_bb241d8eafcf,0.8,groq_batch_13r_outputs.normalized,"2026-04-07 12:35:39",
source_414ac8255cc64b97b0614165b17701509ba38a47,concept_theme_1d264c8c4e5a,0.78,groq_batch_13r_outputs.normalized,"2026-04-07 12:35:39",
source_414ac8255cc64b97b0614165b17701509ba38a47,concept_theme_f636fcc71916,0.82,groq_batch_13r_outputs.normalized,"2026-04-07 12:35:39",
source_414ac8255cc64b97b0614165b17701509ba38a47,concept_theme_0a06229085a2,0.75,groq_batch_13r_outputs.normalized,"2026-04-07 12:35:39",
source_414ac8255cc64b97b0614165b17701509ba38a47,concept_theme_64a1a3a8b20f,0.73,groq_batch_13r_outputs.normalized,"2026-04-07 12:35:39",
source_414ac8255cc64b97b0614165b17701509ba38a47,concept_quote_f67fed3093d6,0.88,groq_batch_13r_outputs.normalized,"2026-04-07 12:35:39",
source_414ac8255cc64b97b0614165b17701509ba38a47,concept_concept_300b0ce7f42c,0.84,groq_batch_13r_outputs.normalized,"2026-04-07 12:35:39",
source_414ac8255cc64b97b0614165b17701509ba38a47,concept_song_17d9809bed24,0.86,groq_batch_13r_outputs.normalized,"2026-04-07 12:35:39",
source_414ac8255cc64b97b0614165b17701509ba38a47,concept_song_10ac02ca8957,0.89,groq_batch_13r_outputs.normalized,"2026-04-07 12:35:39",
source_414ac8255cc64b97b0614165b17701509ba38a47,concept_quote_7a80ffe63e6a,0.87,groq_batch_13r_outputs.normalized,"2026-04-07 12:35:39",
source_414ac8255cc64b97b0614165b17701509ba38a47,concept_quote_c50467b63f7b,0.81,groq_batch_13r_outputs.normalized,"2026-04-07 12:35:39",
source_414ac8255cc64b97b0614165b17701509ba38a47,concept_person_51eb0d09611c,0.95,groq_batch_13r_outputs.normalized,"2026-04-07 12:35:39",
source_414ac8255cc64b97b0614165b17701509ba38a47,concept_concept_b1a5296cb659,0.9,groq_batch_13r_outputs.normalized,"2026-04-07 12:35:39",
source_414ac8255cc64b97b0614165b17701509ba38a47,concept_character_41fee739f6ee,0.78,groq_batch_13r_outputs.normalized,"2026-04-07 12:35:39",
source_414ac8255cc64b97b0614165b17701509ba38a47,concept_theme_43c39021bb74,0.82,groq_batch_13r_outputs.normalized,"2026-04-07 12:35:39",
source_414ac8255cc64b97b0614165b17701509ba38a47,concept_quote_0c9db41aba13,0.8,groq_batch_13r_outputs.normalized,"2026-04-07 12:35:39",
source_414ac8255cc64b97b0614165b17701509ba38a47,concept_technique_a5f3b5e80870,0.77,groq_batch_13r_outputs.normalized,"2026-04-07 12:35:39",
source_414ac8255cc64b97b0614165b17701509ba38a47,concept_insight_abd161db0f89,0.9,groq_batch_13r_outputs.normalized,"2026-04-07 12:35:39",
source_414ac8255cc64b97b0614165b17701509ba38a47,concept_insight_0449e6cdf608,0.88,groq_batch_13r_outputs.normalized,"2026-04-07 12:35:39",
source_414ac8255cc64b97b0614165b17701509ba38a47,concept_insight_5d80e097fd4d,0.92,groq_batch_13r_outputs.normalized,"2026-04-07 12:35:39",
source_414ac8255cc64b97b0614165b17701509ba38a47,concept_insight_92d0dd7ca5aa,0.85,groq_batch_13r_outputs.normalized,"2026-04-07 12:35:39",
source_414ac8255cc64b97b0614165b17701509ba38a47,concept_insight_556fd345936c,0.84,groq_batch_13r_outputs.normalized,"2026-04-07 12:35:39",
source_414ac8255cc64b97b0614165b17701509ba38a47,concept_insight_11d4cde9700a,0.81,groq_batch_13r_outputs.normalized,"2026-04-07 12:35:39",
source_414ac8255cc64b97b0614165b17701509ba38a47,concept_insight_36696f32b8cc,0.83,groq_batch_13r_outputs.normalized,"2026-04-07 12:35:39",
source_414ac8255cc64b97b0614165b17701509ba38a47,concept_insight_01279e5d1617,0.76,groq_batch_13r_outputs.normalized,"2026-04-07 12:35:39",
source_b98113d1ad6d6d0682e675bc1e13c5633fba27c3,concept_domain_ec0eb439899e,0.9,groq_batch_13r_outputs.normalized,"2026-04-07 12:35:39",
source_b98113d1ad6d6d0682e675bc1e13c5633fba27c3,concept_domain_79be89866d06,0.7,groq_batch_13r_outputs.normalized,"2026-04-07 12:35:39",
source_b98113d1ad6d6d0682e675bc1e13c5633fba27c3,concept_domain_232eb9300d28,0.6,groq_batch_13r_outputs.normalized,"2026-04-07 12:35:39",
source_b98113d1ad6d6d0682e675bc1e13c5633fba27c3,concept_domain_fe3d1148f3ef,0.5,groq_batch_13r_outputs.normalized,"2026-04-07 12:35:39",
source_b98113d1ad6d6d0682e675bc1e13c5633fba27c3,concept_theme_7575d727932f,0.95,groq_batch_13r_outputs.normalized,"2026-04-07 12:35:39",
source_b98113d1ad6d6d0682e675bc1e13c5633fba27c3,concept_theme_38b944c29632,0.9,groq_batch_13r_outputs.normalized,"2026-04-07 12:35:39",
source_b98113d1ad6d6d0682e675bc1e13c5633fba27c3,concept_theme_7df4f3e3d80b,0.85,groq_batch_13r_outputs.normalized,"2026-04-07 12:35:39",
source_b98113d1ad6d6d0682e675bc1e13c5633fba27c3,concept_theme_9a858beb1019,0.8,groq_batch_13r_outputs.normalized,"2026-04-07 12:35:39",
source_b98113d1ad6d6d0682e675bc1e13c5633fba27c3,concept_theme_0fbe4e2fda0d,0.9,groq_batch_13r_outputs.normalized,"2026-04-07 12:35:39",
source_b98113d1ad6d6d0682e675bc1e13c5633fba27c3,concept_theme_3ff32f9f49ec,0.88,groq_batch_13r_outputs.normalized,"2026-04-07 12:35:39",
source_b98113d1ad6d6d0682e675bc1e13c5633fba27c3,concept_theme_cc4cd0302d7e,0.75,groq_batch_13r_outputs.normalized,"2026-04-07 12:35:39",
source_b98113d1ad6d6d0682e675bc1e13c5633fba27c3,concept_theme_cf58c74dc5bc,0.7,groq_batch_13r_outputs.normalized,"2026-04-07 12:35:39",
source_b98113d1ad6d6d0682e675bc1e13c5633fba27c3,concept_example_40b0b60a19d9,0.92,groq_batch_13r_outputs.normalized,"2026-04-07 12:35:39",
source_b98113d1ad6d6d0682e675bc1e13c5633fba27c3,concept_organization_cbf85a1b2a0c,0.9,groq_batch_13r_outputs.normalized,"2026-04-07 12:35:39",
source_b98113d1ad6d6d0682e675bc1e13c5633fba27c3,concept_organization_1ed16d4a9679,0.78,groq_batch_13r_outputs.normalized,"2026-04-07 12:35:39",
source_b98113d1ad6d6d0682e675bc1e13c5633fba27c3,concept_organization_2855bc13f39c,0.78,groq_batch_13r_outputs.normalized,"2026-04-07 12:35:39",
source_b98113d1ad6d6d0682e675bc1e13c5633fba27c3,concept_concept_3e383ae2717e,0.86,groq_batch_13r_outputs.normalized,"2026-04-07 12:35:39",
source_b98113d1ad6d6d0682e675bc1e13c5633fba27c3,concept_concept_53c051279c7e,0.88,groq_batch_13r_outputs.normalized,"2026-04-07 12:35:39",
source_b98113d1ad6d6d0682e675bc1e13c5633fba27c3,concept_concept_02c894f84139,0.8,groq_batch_13r_outputs.normalized,"2026-04-07 12:35:39",
source_b98113d1ad6d6d0682e675bc1e13c5633fba27c3,concept_tool_fb6200268386,0.7,groq_batch_13r_outputs.normalized,"2026-04-07 12:35:39",
source_b98113d1ad6d6d0682e675bc1e13c5633fba27c3,concept_tool_377cb68e8d54,0.65,groq_batch_13r_outputs.normalized,"2026-04-07 12:35:39",
source_b98113d1ad6d6d0682e675bc1e13c5633fba27c3,concept_quote_4210556eb91b,0.6,groq_batch_13r_outputs.normalized,"2026-04-07 12:35:39",
source_b98113d1ad6d6d0682e675bc1e13c5633fba27c3,concept_concept_6eee5f5be857,0.6,groq_batch_13r_outputs.normalized,"2026-04-07 12:35:39",
source_b98113d1ad6d6d0682e675bc1e13c5633fba27c3,concept_problem_50945df8dbbb,0.85,groq_batch_13r_outputs.normalized,"2026-04-07 12:35:39",
source_b98113d1ad6d6d0682e675bc1e13c5633fba27c3,concept_insight_b501128ae055,0.94,groq_batch_13r_outputs.normalized,"2026-04-07 12:35:39",
source_b98113d1ad6d6d0682e675bc1e13c5633fba27c3,concept_insight_013596266b23,0.92,groq_batch_13r_outputs.normalized,"2026-04-07 12:35:39",
source_b98113d1ad6d6d0682e675bc1e13c5633fba27c3,concept_insight_5b846f78bd84,0.9,groq_batch_13r_outputs.normalized,"2026-04-07 12:35:39",
source_b98113d1ad6d6d0682e675bc1e13c5633fba27c3,concept_insight_70391b35c925,0.88,groq_batch_13r_outputs.normalized,"2026-04-07 12:35:39",
source_b98113d1ad6d6d0682e675bc1e13c5633fba27c3,concept_insight_b7e0f0d7c69c,0.85,groq_batch_13r_outputs.normalized,"2026-04-07 12:35:39",
source_b98113d1ad6d6d0682e675bc1e13c5633fba27c3,concept_insight_b7e24a453680,0.84,groq_batch_13r_outputs.normalized,"2026-04-07 12:35:39",
source_b98113d1ad6d6d0682e675bc1e13c5633fba27c3,concept_insight_e824b5e21e39,0.8,groq_batch_13r_outputs.normalized,"2026-04-07 12:35:39",
source_b98113d1ad6d6d0682e675bc1e13c5633fba27c3,concept_insight_511e47b693fc,0.78,groq_batch_13r_outputs.normalized,"2026-04-07 12:35:39",
source_8b57211b6b16be0824bca7fc614f7fc3040ba220,concept_domain_1602bd03169f,0.92,groq_batch_13r_outputs.normalized,"2026-04-07 12:35:39",
source_8b57211b6b16be0824bca7fc614f7fc3040ba220,concept_domain_71392c689382,0.78,groq_batch_13r_outputs.normalized,"2026-04-07 12:35:39",
source_8b57211b6b16be0824bca7fc614f7fc3040ba220,concept_domain_86d37f6c96c1,0.85,groq_batch_13r_outputs.normalized,"2026-04-07 12:35:39",
source_8b57211b6b16be0824bca7fc614f7fc3040ba220,concept_domain_ec0eb439899e,0.88,groq_batch_13r_outputs.normalized,"2026-04-07 12:35:39",
source_8b57211b6b16be0824bca7fc614f7fc3040ba220,concept_domain_cee803d4cfc3,0.81,groq_batch_13r_outputs.normalized,"2026-04-07 12:35:39",
source_8b57211b6b16be0824bca7fc614f7fc3040ba220,concept_theme_1f09b347acb4,0.94,groq_batch_13r_outputs.normalized,"2026-04-07 12:35:39",
source_8b57211b6b16be0824bca7fc614f7fc3040ba220,concept_theme_0643c166f9c9,0.89,groq_batch_13r_outputs.normalized,"2026-04-07 12:35:39",
source_8b57211b6b16be0824bca7fc614f7fc3040ba220,concept_theme_021670d1b86c,0.86,groq_batch_13r_outputs.normalized,"2026-04-07 12:35:39",
source_8b57211b6b16be0824bca7fc614f7fc3040ba220,concept_theme_b187b980d542,0.78,groq_batch_13r_outputs.normalized,"2026-04-07 12:35:39",
source_8b57211b6b16be0824bca7fc614f7fc3040ba220,concept_theme_dd615f11df34,0.82,groq_batch_13r_outputs.normalized,"2026-04-07 12:35:39",
source_8b57211b6b16be0824bca7fc614f7fc3040ba220,concept_theme_180e409bd4e6,0.84,groq_batch_13r_outputs.normalized,"2026-04-07 12:35:39",
source_8b57211b6b16be0824bca7fc614f7fc3040ba220,concept_concept_2245ebfa3ca9,0.88,groq_batch_13r_outputs.normalized,"2026-04-07 12:35:39",
source_8b57211b6b16be0824bca7fc614f7fc3040ba220,concept_concept_ba5eecdbaf3c,0.84,groq_batch_13r_outputs.normalized,"2026-04-07 12:35:39",
source_8b57211b6b16be0824bca7fc614f7fc3040ba220,concept_framework_163c2bb4bb8c,0.81,groq_batch_13r_outputs.normalized,"2026-04-07 12:35:39",
source_8b57211b6b16be0824bca7fc614f7fc3040ba220,concept_data_04dee9da297a,0.76,groq_batch_13r_outputs.normalized,"2026-04-07 12:35:39",
source_8b57211b6b16be0824bca7fc614f7fc3040ba220,concept_theory_5f1e28e6f2aa,0.79,groq_batch_13r_outputs.normalized,"2026-04-07 12:35:39",
source_8b57211b6b16be0824bca7fc614f7fc3040ba220,concept_concept_81a247783434,0.91,groq_batch_13r_outputs.normalized,"2026-04-07 12:35:39",
source_8b57211b6b16be0824bca7fc614f7fc3040ba220,concept_problem_37e9ae5eb77a,0.87,groq_batch_13r_outputs.normalized,"2026-04-07 12:35:39",
source_8b57211b6b16be0824bca7fc614f7fc3040ba220,concept_question_566f0075787f,0.73,groq_batch_13r_outputs.normalized,"2026-04-07 12:35:39",
source_8b57211b6b16be0824bca7fc614f7fc3040ba220,concept_concept_c0083937037f,0.8,groq_batch_13r_outputs.normalized,"2026-04-07 12:35:39",
source_8b57211b6b16be0824bca7fc614f7fc3040ba220,concept_framework_345701ea3e1d,0.77,groq_batch_13r_outputs.normalized,"2026-04-07 12:35:39",
source_8b57211b6b16be0824bca7fc614f7fc3040ba220,concept_example_3b526063e9aa,0.65,groq_batch_13r_outputs.normalized,"2026-04-07 12:35:39",
source_8b57211b6b16be0824bca7fc614f7fc3040ba220,concept_person_80c8a709ec58,0.68,groq_batch_13r_outputs.normalized,"2026-04-07 12:35:39",
source_8b57211b6b16be0824bca7fc614f7fc3040ba220,concept_insight_006dbe86bdab,0.92,groq_batch_13r_outputs.normalized,"2026-04-07 12:35:39",
source_8b57211b6b16be0824bca7fc614f7fc3040ba220,concept_insight_6a0c4476d4e8,0.88,groq_batch_13r_outputs.normalized,"2026-04-07 12:35:39",
source_8b57211b6b16be0824bca7fc614f7fc3040ba220,concept_insight_4b7ece2ebbf1,0.85,groq_batch_13r_outputs.normalized,"2026-04-07 12:35:39",
source_8b57211b6b16be0824bca7fc614f7fc3040ba220,concept_insight_eb940e7a8988,0.94,groq_batch_13r_outputs.normalized,"2026-04-07 12:35:39",
source_8b57211b6b16be0824bca7fc614f7fc3040ba220,concept_insight_cd0e0eb65e53,0.9,groq_batch_13r_outputs.normalized,"2026-04-07 12:35:39",
source_8b57211b6b16be0824bca7fc614f7fc3040ba220,concept_insight_c42806f310cf,0.82,groq_batch_13r_outputs.normalized,"2026-04-07 12:35:39",
source_8b57211b6b16be0824bca7fc614f7fc3040ba220,concept_insight_ce4295fce154,0.78,groq_batch_13r_outputs.normalized,"2026-04-07 12:35:39",
source_8b57211b6b16be0824bca7fc614f7fc3040ba220,concept_insight_0ad6899a15b5,0.8,groq_batch_13r_outputs.normalized,"2026-04-07 12:35:39",
source_f6bd1e44ad5763fd6487e3bdf1001895e4ffa472,concept_domain_1602bd03169f,0.95,groq_batch_13r_outputs.normalized,"2026-04-07 12:35:39",
source_f6bd1e44ad5763fd6487e3bdf1001895e4ffa472,concept_domain_cee803d4cfc3,0.9,groq_batch_13r_outputs.normalized,"2026-04-07 12:35:39",
source_f6bd1e44ad5763fd6487e3bdf1001895e4ffa472,concept_domain_6a5413595b4b,0.93,groq_batch_13r_outputs.normalized,"2026-04-07 12:35:39",
source_f6bd1e44ad5763fd6487e3bdf1001895e4ffa472,concept_domain_ac24a4eaffb5,0.85,groq_batch_13r_outputs.normalized,"2026-04-07 12:35:39",
source_f6bd1e44ad5763fd6487e3bdf1001895e4ffa472,concept_domain_823daac77dc4,0.8,groq_batch_13r_outputs.normalized,"2026-04-07 12:35:39",
source_f6bd1e44ad5763fd6487e3bdf1001895e4ffa472,concept_theme_7e68b0631524,0.9,groq_batch_13r_outputs.normalized,"2026-04-07 12:35:39",
source_f6bd1e44ad5763fd6487e3bdf1001895e4ffa472,concept_theme_a97f965c53d2,0.9,groq_batch_13r_outputs.normalized,"2026-04-07 12:35:39",
source_f6bd1e44ad5763fd6487e3bdf1001895e4ffa472,concept_theme_b8b7f4449f5b,0.85,groq_batch_13r_outputs.normalized,"2026-04-07 12:35:39",
source_f6bd1e44ad5763fd6487e3bdf1001895e4ffa472,concept_theme_f92ad59e35f8,0.8,groq_batch_13r_outputs.normalized,"2026-04-07 12:35:39",
source_f6bd1e44ad5763fd6487e3bdf1001895e4ffa472,concept_theme_ab9dbb898396,0.85,groq_batch_13r_outputs.normalized,"2026-04-07 12:35:39",
source_f6bd1e44ad5763fd6487e3bdf1001895e4ffa472,concept_theme_523b48a108dd,0.8,groq_batch_13r_outputs.normalized,"2026-04-07 12:35:39",
source_f6bd1e44ad5763fd6487e3bdf1001895e4ffa472,concept_theme_202fa6cbd6fc,0.75,groq_batch_13r_outputs.normalized,"2026-04-07 12:35:39",
source_f6bd1e44ad5763fd6487e3bdf1001895e4ffa472,concept_theme_ce93101aa057,0.7,groq_batch_13r_outputs.normalized,"2026-04-07 12:35:39",
source_f6bd1e44ad5763fd6487e3bdf1001895e4ffa472,concept_theme_48c2003a5d77,0.7,groq_batch_13r_outputs.normalized,"2026-04-07 12:35:39",
source_f6bd1e44ad5763fd6487e3bdf1001895e4ffa472,concept_theme_10c25fc2865c,0.75,groq_batch_13r_outputs.normalized,"2026-04-07 12:35:39",
source_f6bd1e44ad5763fd6487e3bdf1001895e4ffa472,concept_concept_2cb228cf1194,0.95,groq_batch_13r_outputs.normalized,"2026-04-07 12:35:39",
source_f6bd1e44ad5763fd6487e3bdf1001895e4ffa472,concept_problem_9880cf38291b,0.9,groq_batch_13r_outputs.normalized,"2026-04-07 12:35:39",
source_f6bd1e44ad5763fd6487e3bdf1001895e4ffa472,concept_data_45a353c451c2,0.9,groq_batch_13r_outputs.normalized,"2026-04-07 12:35:39",
source_f6bd1e44ad5763fd6487e3bdf1001895e4ffa472,concept_project_a2ba647c923e,0.85,groq_batch_13r_outputs.normalized,"2026-04-07 12:35:39",
source_f6bd1e44ad5763fd6487e3bdf1001895e4ffa472,concept_quote_37300047e0cc,0.85,groq_batch_13r_outputs.normalized,"2026-04-07 12:35:39",
source_f6bd1e44ad5763fd6487e3bdf1001895e4ffa472,concept_concept_f2a7c8c9e34a,0.88,groq_batch_13r_outputs.normalized,"2026-04-07 12:35:39",
source_f6bd1e44ad5763fd6487e3bdf1001895e4ffa472,concept_problem_fae9a26b1b5d,0.8,groq_batch_13r_outputs.normalized,"2026-04-07 12:35:39",
source_f6bd1e44ad5763fd6487e3bdf1001895e4ffa472,concept_concept_1aee207f7857,0.78,groq_batch_13r_outputs.normalized,"2026-04-07 12:35:39",
source_f6bd1e44ad5763fd6487e3bdf1001895e4ffa472,concept_concept_238b02278eb3,0.75,groq_batch_13r_outputs.normalized,"2026-04-07 12:35:39",
source_f6bd1e44ad5763fd6487e3bdf1001895e4ffa472,concept_concept_21f4adf0ff0d,0.7,groq_batch_13r_outputs.normalized,"2026-04-07 12:35:39",
source_f6bd1e44ad5763fd6487e3bdf1001895e4ffa472,concept_concept_9df00cda61b5,0.8,groq_batch_13r_outputs.normalized,"2026-04-07 12:35:39",
source_f6bd1e44ad5763fd6487e3bdf1001895e4ffa472,concept_concept_70897c277da6,0.75,groq_batch_13r_outputs.normalized,"2026-04-07 12:35:39",
source_f6bd1e44ad5763fd6487e3bdf1001895e4ffa472,concept_problem_6acab62b2b77,0.7,groq_batch_13r_outputs.normalized,"2026-04-07 12:35:39",
source_f6bd1e44ad5763fd6487e3bdf1001895e4ffa472,concept_framework_9081d5142264,0.7,groq_batch_13r_outputs.normalized,"2026-04-07 12:35:39",
source_f6bd1e44ad5763fd6487e3bdf1001895e4ffa472,concept_concept_acef4d9fce7d,0.68,groq_batch_13r_outputs.normalized,"2026-04-07 12:35:39",
source_f6bd1e44ad5763fd6487e3bdf1001895e4ffa472,concept_insight_ab7e798e2fe8,0.95,groq_batch_13r_outputs.normalized,"2026-04-07 12:35:39",
source_f6bd1e44ad5763fd6487e3bdf1001895e4ffa472,concept_insight_00422009ca7d,0.9,groq_batch_13r_outputs.normalized,"2026-04-07 12:35:39",
source_f6bd1e44ad5763fd6487e3bdf1001895e4ffa472,concept_insight_d56292a6db7a,0.88,groq_batch_13r_outputs.normalized,"2026-04-07 12:35:39",
source_f6bd1e44ad5763fd6487e3bdf1001895e4ffa472,concept_insight_737a190feacc,0.85,groq_batch_13r_outputs.normalized,"2026-04-07 12:35:39",
source_f6bd1e44ad5763fd6487e3bdf1001895e4ffa472,concept_insight_0fb8a427f923,0.8,groq_batch_13r_outputs.normalized,"2026-04-07 12:35:39",
source_f6bd1e44ad5763fd6487e3bdf1001895e4ffa472,concept_insight_c5ab9b3a0390,0.78,groq_batch_13r_outputs.normalized,"2026-04-07 12:35:39",
source_f6bd1e44ad5763fd6487e3bdf1001895e4ffa472,concept_insight_d766b00fd568,0.75,groq_batch_13r_outputs.normalized,"2026-04-07 12:35:39",
source_8fa1ab05e57bd36c163a49eae28e255c90b4c744,concept_domain_56441dbefe7d,0.95,groq_batch_13r_outputs.normalized,"2026-04-07 12:35:39",
source_8fa1ab05e57bd36c163a49eae28e255c90b4c744,concept_domain_e8f8911d9105,0.8,groq_batch_13r_outputs.normalized,"2026-04-07 12:35:39",
source_8fa1ab05e57bd36c163a49eae28e255c90b4c744,concept_domain_1602bd03169f,0.7,groq_batch_13r_outputs.normalized,"2026-04-07 12:35:39",
source_8fa1ab05e57bd36c163a49eae28e255c90b4c744,concept_domain_cee803d4cfc3,0.6,groq_batch_13r_outputs.normalized,"2026-04-07 12:35:39",
source_8fa1ab05e57bd36c163a49eae28e255c90b4c744,concept_theme_04411e9b5dd0,0.9,groq_batch_13r_outputs.normalized,"2026-04-07 12:35:39",
source_8fa1ab05e57bd36c163a49eae28e255c90b4c744,concept_theme_f4d50e998dcc,0.85,groq_batch_13r_outputs.normalized,"2026-04-07 12:35:39",
source_8fa1ab05e57bd36c163a49eae28e255c90b4c744,concept_theme_ef2718110e9e,0.9,groq_batch_13r_outputs.normalized,"2026-04-07 12:35:39",
source_8fa1ab05e57bd36c163a49eae28e255c90b4c744,concept_theme_5240b182cb33,0.7,groq_batch_13r_outputs.normalized,"2026-04-07 12:35:39",
source_8fa1ab05e57bd36c163a49eae28e255c90b4c744,concept_theme_e4e20b6dd893,0.75,groq_batch_13r_outputs.normalized,"2026-04-07 12:35:39",
source_8fa1ab05e57bd36c163a49eae28e255c90b4c744,concept_theme_b92bec05333d,0.8,groq_batch_13r_outputs.normalized,"2026-04-07 12:35:39",
source_8fa1ab05e57bd36c163a49eae28e255c90b4c744,concept_theme_782e59f0fbcf,0.65,groq_batch_13r_outputs.normalized,"2026-04-07 12:35:39",
source_8fa1ab05e57bd36c163a49eae28e255c90b4c744,concept_theme_9edcea900bda,0.6,groq_batch_13r_outputs.normalized,"2026-04-07 12:35:39",
source_8fa1ab05e57bd36c163a49eae28e255c90b4c744,concept_concept_9faf2c5e903f,0.9,groq_batch_13r_outputs.normalized,"2026-04-07 12:35:39",
source_8fa1ab05e57bd36c163a49eae28e255c90b4c744,concept_concept_1fca78ffffb2,0.8,groq_batch_13r_outputs.normalized,"2026-04-07 12:35:39",
source_8fa1ab05e57bd36c163a49eae28e255c90b4c744,concept_concept_98398f0335f0,0.8,groq_batch_13r_outputs.normalized,"2026-04-07 12:35:39",
source_8fa1ab05e57bd36c163a49eae28e255c90b4c744,concept_concept_e52dc1b5fbca,0.8,groq_batch_13r_outputs.normalized,"2026-04-07 12:35:39",
source_8fa1ab05e57bd36c163a49eae28e255c90b4c744,concept_concept_ddc45b4288a0,0.85,groq_batch_13r_outputs.normalized,"2026-04-07 12:35:39",
source_8fa1ab05e57bd36c163a49eae28e255c90b4c744,concept_tool_95affcf8910a,0.7,groq_batch_13r_outputs.normalized,"2026-04-07 12:35:39",
source_8fa1ab05e57bd36c163a49eae28e255c90b4c744,concept_tool_02e08d5830c2,0.6,groq_batch_13r_outputs.normalized,"2026-04-07 12:35:39",
source_8fa1ab05e57bd36c163a49eae28e255c90b4c744,concept_concept_d6d3aad7d086,0.75,groq_batch_13r_outputs.normalized,"2026-04-07 12:35:39",
source_8fa1ab05e57bd36c163a49eae28e255c90b4c744,concept_concept_1c2ff834fbcc,0.65,groq_batch_13r_outputs.normalized,"2026-04-07 12:35:39",
source_8fa1ab05e57bd36c163a49eae28e255c90b4c744,concept_concept_937b9e6e0a5a,0.6,groq_batch_13r_outputs.normalized,"2026-04-07 12:35:39",
source_8fa1ab05e57bd36c163a49eae28e255c90b4c744,concept_framework_29712ae47db3,0.7,groq_batch_13r_outputs.normalized,"2026-04-07 12:35:39",
source_8fa1ab05e57bd36c163a49eae28e255c90b4c744,concept_framework_3edc9036275c,0.7,groq_batch_13r_outputs.normalized,"2026-04-07 12:35:39",
source_8fa1ab05e57bd36c163a49eae28e255c90b4c744,concept_organization_44d535644dc0,0.5,groq_batch_13r_outputs.normalized,"2026-04-07 12:35:39",
source_8fa1ab05e57bd36c163a49eae28e255c90b4c744,concept_event_daae148806e2,0.5,groq_batch_13r_outputs.normalized,"2026-04-07 12:35:39",
source_8fa1ab05e57bd36c163a49eae28e255c90b4c744,concept_problem_afb69f59d25d,0.6,groq_batch_13r_outputs.normalized,"2026-04-07 12:35:39",
source_8fa1ab05e57bd36c163a49eae28e255c90b4c744,concept_insight_8e442199e39c,0.9,groq_batch_13r_outputs.normalized,"2026-04-07 12:35:39",
source_8fa1ab05e57bd36c163a49eae28e255c90b4c744,concept_insight_7d335d1cb893,0.9,groq_batch_13r_outputs.normalized,"2026-04-07 12:35:39",
source_8fa1ab05e57bd36c163a49eae28e255c90b4c744,concept_insight_ed5297310728,0.8,groq_batch_13r_outputs.normalized,"2026-04-07 12:35:39",
source_8fa1ab05e57bd36c163a49eae28e255c90b4c744,concept_insight_358578146819,0.85,groq_batch_13r_outputs.normalized,"2026-04-07 12:35:39",
source_8fa1ab05e57bd36c163a49eae28e255c90b4c744,concept_insight_d6c851d169ce,0.8,groq_batch_13r_outputs.normalized,"2026-04-07 12:35:39",
source_8fa1ab05e57bd36c163a49eae28e255c90b4c744,concept_insight_86f642f3a4f2,0.75,groq_batch_13r_outputs.normalized,"2026-04-07 12:35:39",
source_8fa1ab05e57bd36c163a49eae28e255c90b4c744,concept_insight_f7727fcdb173,0.85,groq_batch_13r_outputs.normalized,"2026-04-07 12:35:39",
source_8fa1ab05e57bd36c163a49eae28e255c90b4c744,concept_insight_28aeb1f16e83,0.7,groq_batch_13r_outputs.normalized,"2026-04-07 12:35:39",
source_585a56d95055276ad57d5e30335d2631de948b5e,concept_domain_1602bd03169f,0.94,groq_batch_2r_outputs.normalized,"2026-04-08 11:51:34",
source_585a56d95055276ad57d5e30335d2631de948b5e,concept_domain_86d37f6c96c1,0.9,groq_batch_2r_outputs.normalized,"2026-04-08 11:51:34",
source_585a56d95055276ad57d5e30335d2631de948b5e,concept_domain_cee803d4cfc3,0.82,groq_batch_2r_outputs.normalized,"2026-04-08 11:51:34",
source_585a56d95055276ad57d5e30335d2631de948b5e,concept_domain_aa47eda7be45,0.9,groq_batch_2r_outputs.normalized,"2026-04-08 11:51:34",
source_585a56d95055276ad57d5e30335d2631de948b5e,concept_domain_4509fdb543d8,0.71,groq_batch_2r_outputs.normalized,"2026-04-08 11:51:34",
source_585a56d95055276ad57d5e30335d2631de948b5e,concept_theme_f9ec383716a5,0.93,groq_batch_2r_outputs.normalized,"2026-04-08 11:51:34",
source_585a56d95055276ad57d5e30335d2631de948b5e,concept_theme_6fa15ae3215d,0.88,groq_batch_2r_outputs.normalized,"2026-04-08 11:51:34",
source_585a56d95055276ad57d5e30335d2631de948b5e,concept_theme_c96c4aa006fa,0.85,groq_batch_2r_outputs.normalized,"2026-04-08 11:51:34",
source_585a56d95055276ad57d5e30335d2631de948b5e,concept_theme_a5f45bb69d3f,0.9,groq_batch_2r_outputs.normalized,"2026-04-08 11:51:34",
source_585a56d95055276ad57d5e30335d2631de948b5e,concept_theme_76de49f9448c,0.84,groq_batch_2r_outputs.normalized,"2026-04-08 11:51:34",
source_585a56d95055276ad57d5e30335d2631de948b5e,concept_theme_5179cfdb24f2,0.78,groq_batch_2r_outputs.normalized,"2026-04-08 11:51:34",
source_585a56d95055276ad57d5e30335d2631de948b5e,concept_theme_dd5e74e05fc7,0.86,groq_batch_2r_outputs.normalized,"2026-04-08 11:51:34",
source_585a56d95055276ad57d5e30335d2631de948b5e,concept_theme_64f96da1313e,0.8,groq_batch_2r_outputs.normalized,"2026-04-08 11:51:34",
source_585a56d95055276ad57d5e30335d2631de948b5e,concept_concept_ece730669f30,0.92,groq_batch_2r_outputs.normalized,"2026-04-08 11:51:34",
source_585a56d95055276ad57d5e30335d2631de948b5e,concept_concept_d36436703735,0.9,groq_batch_2r_outputs.normalized,"2026-04-08 11:51:34",
source_585a56d95055276ad57d5e30335d2631de948b5e,concept_problem_720012904c40,0.94,groq_batch_2r_outputs.normalized,"2026-04-08 11:51:34",
source_585a56d95055276ad57d5e30335d2631de948b5e,concept_concept_4f51de207e1c,0.91,groq_batch_2r_outputs.normalized,"2026-04-08 11:51:34",
source_585a56d95055276ad57d5e30335d2631de948b5e,concept_concept_ccad40965cda,0.85,groq_batch_2r_outputs.normalized,"2026-04-08 11:51:34",
source_585a56d95055276ad57d5e30335d2631de948b5e,concept_concept_f2612e61fb89,0.88,groq_batch_2r_outputs.normalized,"2026-04-08 11:51:34",
source_585a56d95055276ad57d5e30335d2631de948b5e,concept_organization_aa48a1e8acbb,0.77,groq_batch_2r_outputs.normalized,"2026-04-08 11:51:34",
source_585a56d95055276ad57d5e30335d2631de948b5e,concept_concept_4ad86230fefa,0.89,groq_batch_2r_outputs.normalized,"2026-04-08 11:51:34",
source_585a56d95055276ad57d5e30335d2631de948b5e,concept_problem_0bdb66f6296c,0.81,groq_batch_2r_outputs.normalized,"2026-04-08 11:51:34",
source_585a56d95055276ad57d5e30335d2631de948b5e,concept_concept_8fc42959d619,0.84,groq_batch_2r_outputs.normalized,"2026-04-08 11:51:34",
source_585a56d95055276ad57d5e30335d2631de948b5e,concept_person_e7ff4faf8f1c,0.73,groq_batch_2r_outputs.normalized,"2026-04-08 11:51:34",
source_585a56d95055276ad57d5e30335d2631de948b5e,concept_quote_3a62f496d3de,0.68,groq_batch_2r_outputs.normalized,"2026-04-08 11:51:34",
source_585a56d95055276ad57d5e30335d2631de948b5e,concept_insight_3bdb367e7fa7,0.92,groq_batch_2r_outputs.normalized,"2026-04-08 11:51:34",
source_585a56d95055276ad57d5e30335d2631de948b5e,concept_insight_c8619b17662d,0.9,groq_batch_2r_outputs.normalized,"2026-04-08 11:51:34",
source_585a56d95055276ad57d5e30335d2631de948b5e,concept_insight_6b38b7160609,0.88,groq_batch_2r_outputs.normalized,"2026-04-08 11:51:34",
source_585a56d95055276ad57d5e30335d2631de948b5e,concept_insight_d3bd3aa487db,0.86,groq_batch_2r_outputs.normalized,"2026-04-08 11:51:34",
source_585a56d95055276ad57d5e30335d2631de948b5e,concept_insight_0843d2e6795a,0.84,groq_batch_2r_outputs.normalized,"2026-04-08 11:51:34",
source_585a56d95055276ad57d5e30335d2631de948b5e,concept_insight_b928cd92c0cb,0.79,groq_batch_2r_outputs.normalized,"2026-04-08 11:51:34",
source_585a56d95055276ad57d5e30335d2631de948b5e,concept_insight_e98f148d5af2,0.81,groq_batch_2r_outputs.normalized,"2026-04-08 11:51:34",
source_eecdf66d78e20dc9ce4b6b38a91a652ab5e0964d,concept_domain_821cc2a93f58,0.9,groq_batch_2r_outputs.normalized,"2026-04-08 11:51:34",
source_eecdf66d78e20dc9ce4b6b38a91a652ab5e0964d,concept_domain_876f3ddf072c,0.8,groq_batch_2r_outputs.normalized,"2026-04-08 11:51:34",
source_eecdf66d78e20dc9ce4b6b38a91a652ab5e0964d,concept_domain_5326cf49f80e,0.7,groq_batch_2r_outputs.normalized,"2026-04-08 11:51:34",
source_eecdf66d78e20dc9ce4b6b38a91a652ab5e0964d,concept_domain_5d6f93e39155,0.85,groq_batch_2r_outputs.normalized,"2026-04-08 11:51:34",
source_eecdf66d78e20dc9ce4b6b38a91a652ab5e0964d,concept_domain_823daac77dc4,0.6,groq_batch_2r_outputs.normalized,"2026-04-08 11:51:34",
source_eecdf66d78e20dc9ce4b6b38a91a652ab5e0964d,concept_theme_726f8252ec56,0.88,groq_batch_2r_outputs.normalized,"2026-04-08 11:51:34",
source_eecdf66d78e20dc9ce4b6b38a91a652ab5e0964d,concept_theme_a1ab6058c490,0.75,groq_batch_2r_outputs.normalized,"2026-04-08 11:51:34",
source_eecdf66d78e20dc9ce4b6b38a91a652ab5e0964d,concept_theme_6c67b36cb0c6,0.7,groq_batch_2r_outputs.normalized,"2026-04-08 11:51:34",
source_eecdf66d78e20dc9ce4b6b38a91a652ab5e0964d,concept_theme_d421457b3cc7,0.8,groq_batch_2r_outputs.normalized,"2026-04-08 11:51:34",
source_eecdf66d78e20dc9ce4b6b38a91a652ab5e0964d,concept_theme_8908232dd38c,0.85,groq_batch_2r_outputs.normalized,"2026-04-08 11:51:34",
source_eecdf66d78e20dc9ce4b6b38a91a652ab5e0964d,concept_theme_136ca3275b15,0.78,groq_batch_2r_outputs.normalized,"2026-04-08 11:51:34",
source_eecdf66d78e20dc9ce4b6b38a91a652ab5e0964d,concept_theme_f66848e1a962,0.73,groq_batch_2r_outputs.normalized,"2026-04-08 11:51:34",
source_eecdf66d78e20dc9ce4b6b38a91a652ab5e0964d,concept_theme_8f9e6651c54a,0.68,groq_batch_2r_outputs.normalized,"2026-04-08 11:51:34",
source_eecdf66d78e20dc9ce4b6b38a91a652ab5e0964d,concept_person_20c1b93f7e34,0.96,groq_batch_2r_outputs.normalized,"2026-04-08 11:51:34",
source_eecdf66d78e20dc9ce4b6b38a91a652ab5e0964d,concept_person_58f1420c6f50,0.94,groq_batch_2r_outputs.normalized,"2026-04-08 11:51:34",
source_eecdf66d78e20dc9ce4b6b38a91a652ab5e0964d,concept_organization_b460d8591b2a,0.88,groq_batch_2r_outputs.normalized,"2026-04-08 11:51:34",
source_eecdf66d78e20dc9ce4b6b38a91a652ab5e0964d,concept_example_c1634e18856c,0.85,groq_batch_2r_outputs.normalized,"2026-04-08 11:51:34",
source_eecdf66d78e20dc9ce4b6b38a91a652ab5e0964d,concept_event_edf85ab35d95,0.78,groq_batch_2r_outputs.normalized,"2026-04-08 11:51:34",
source_eecdf66d78e20dc9ce4b6b38a91a652ab5e0964d,concept_event_1109f14be3b2,0.77,groq_batch_2r_outputs.normalized,"2026-04-08 11:51:34",
source_eecdf66d78e20dc9ce4b6b38a91a652ab5e0964d,concept_quote_7210e75775f7,0.82,groq_batch_2r_outputs.normalized,"2026-04-08 11:51:34",
source_eecdf66d78e20dc9ce4b6b38a91a652ab5e0964d,concept_quote_8b46b947177f,0.8,groq_batch_2r_outputs.normalized,"2026-04-08 11:51:34",
source_eecdf66d78e20dc9ce4b6b38a91a652ab5e0964d,concept_project_131b8499d54c,0.74,groq_batch_2r_outputs.normalized,"2026-04-08 11:51:34",
source_eecdf66d78e20dc9ce4b6b38a91a652ab5e0964d,concept_concept_5c2ff70cd5f5,0.65,groq_batch_2r_outputs.normalized,"2026-04-08 11:51:34",
source_eecdf66d78e20dc9ce4b6b38a91a652ab5e0964d,concept_concept_782a18e428f9,0.71,groq_batch_2r_outputs.normalized,"2026-04-08 11:51:34",
source_eecdf66d78e20dc9ce4b6b38a91a652ab5e0964d,concept_example_ebd9b78fdae3,0.68,groq_batch_2r_outputs.normalized,"2026-04-08 11:51:34",
source_eecdf66d78e20dc9ce4b6b38a91a652ab5e0964d,concept_insight_910fab2e698d,0.9,groq_batch_2r_outputs.normalized,"2026-04-08 11:51:34",
source_eecdf66d78e20dc9ce4b6b38a91a652ab5e0964d,concept_insight_fb3a899cd95e,0.88,groq_batch_2r_outputs.normalized,"2026-04-08 11:51:34",
source_eecdf66d78e20dc9ce4b6b38a91a652ab5e0964d,concept_insight_4cc10bc4c486,0.82,groq_batch_2r_outputs.normalized,"2026-04-08 11:51:34",
source_eecdf66d78e20dc9ce4b6b38a91a652ab5e0964d,concept_insight_2a6dcd0dc51d,0.75,groq_batch_2r_outputs.normalized,"2026-04-08 11:51:34",
source_eecdf66d78e20dc9ce4b6b38a91a652ab5e0964d,concept_insight_ac1011b7015f,0.7,groq_batch_2r_outputs.normalized,"2026-04-08 11:51:34",
