node_num,node_id,canonical_url,name,created_at,first_seen_batch,last_seen_batch,profile_id
61,source_a6e44dd98eed381bb7ffa4d019c61b157f9daaaa,https://www.reddit.com/r/Presidents/comments/1k0lfu2/comment/mnezc55/,"First openly anti/non‑racist US President","2026-04-07 12:35:39",groq_batch_13r_outputs.normalized,groq_batch_13r_outputs.normalized,
62,source_00b726ced357bf6704b400a792b4c0f4d41c2380,https://www.reddit.com/r/Presidents/comments/1br75yp/comment/kx8rcsi/,"Counterfactual scenario: 9/11 under Bill Clinton and its potential impact on Afghanistan, Iraq, and nuclear proliferation","2026-04-07 12:35:39",groq_batch_13r_outputs.normalized,groq_batch_13r_outputs.normalized,
63,source_990e7ec4841786bb3ac9ce8dea8f25b69671f0d4,https://www.reddit.com/r/IndianHistory/comments/1b4tcj3/comment/kt3cy96/,"Debunking Aryan Migration Theory arguments","2026-04-07 12:35:39",groq_batch_13r_outputs.normalized,groq_batch_13r_outputs.normalized,
64,source_3baf10297f1088f83ff9e0e6f6dbdcb36c8fca2d,https://www.reddit.com/r/TaylorSwift/comments/12ho7o1/inside_taylor_swift_and_joe_alwyns_differences/,"Taylor Swift & Joe Alwyn breakup dynamics","2026-04-07 12:35:39",groq_batch_13r_outputs.normalized,groq_batch_13r_outputs.normalized,
65,source_5265a6ff7020562666aaac16138bacae728c90f1,https://www.reddit.com/r/DeepThoughts/comments/1i3qe3k/the_vast_majority_are_bankrupt_in_terms_of/,"Intellectual curiosity deficit and its societal impact","2026-04-07 12:35:39",groq_batch_13r_outputs.normalized,groq_batch_13r_outputs.normalized,
66,source_8493576d871fa411c67d4255b66ffac619b5f85f,https://www.reddit.com/r/AskWomen/comments/10g19ab/what_is_the_most_interesting_andor_terrifying/,"Interesting and terrifying facts about women","2026-04-07 12:35:39",groq_batch_13r_outputs.normalized,groq_batch_13r_outputs.normalized,
67,source_d1e8067d6ce6d5a55dd55d3684e1922ddfa620e8,https://www.reddit.com/r/AskAGerman/comments/1cb14fu/recommendations_for_my_argentinian_girlfriend/,"English‑speaking job opportunities in Germany for non‑German speakers","2026-04-07 12:35:39",groq_batch_13r_outputs.normalized,groq_batch_13r_outputs.normalized,
68,source_8392a42cb3d8ec779dec25d7f10e22765ee5897f,https://www.reddit.com/r/lawofattraction/comments/1eg3x3f/youre_actually_great_at_manifestation/,"Manifestation and subconscious reprogramming","2026-04-07 12:35:39",groq_batch_13r_outputs.normalized,groq_batch_13r_outputs.normalized,
69,source_414ac8255cc64b97b0614165b17701509ba38a47,https://www.reddit.com/r/TaylorSwift/comments/11blmhe/which_lyrics_or_lyrical_detail_impact_the_meaning/,"Impact of specific Taylor Swift lyrics on song meaning","2026-04-07 12:35:39",groq_batch_13r_outputs.normalized,groq_batch_13r_outputs.normalized,
70,source_b98113d1ad6d6d0682e675bc1e13c5633fba27c3,https://www.reddit.com/r/developersIndia/comments/1qf26xo/the_software_qualities_have_declined_a_lot_of_the,"Decline in software quality among large tech companies","2026-04-07 12:35:39",groq_batch_13r_outputs.normalized,groq_batch_13r_outputs.normalized,
71,source_8b57211b6b16be0824bca7fc614f7fc3040ba220,https://www.reddit.com/r/SimulationTheory/comments/1quaghg/im_a_mechanic_i_think_i_figured_out_why_time,"Perceived acceleration of time","2026-04-07 12:35:39",groq_batch_13r_outputs.normalized,groq_batch_13r_outputs.normalized,
72,source_f6bd1e44ad5763fd6487e3bdf1001895e4ffa472,https://www.reddit.com/r/TwoXChromosomes/comments/1k0c0oc/women_are_just_as_lonely_as_men_yet_no_one_talks/,"Female Loneliness Epidemic","2026-04-07 12:35:39",groq_batch_13r_outputs.normalized,groq_batch_13r_outputs.normalized,
73,source_8fa1ab05e57bd36c163a49eae28e255c90b4c744,https://www.reddit.com/r/German/comments/1342kfk/non_germanspeaking_natives_how_long_did_it_take/,"Learning German as a non‑native adult: timelines and factors","2026-04-07 12:35:39",groq_batch_13r_outputs.normalized,groq_batch_13r_outputs.normalized,
74,source_585a56d95055276ad57d5e30335d2631de948b5e,https://www.reddit.com/r/Existential_crisis/comments/1120fjb/have_you_ever_feel_alone_because_of_your_thinking/,"Feeling isolated because of unique, existential thinking","2026-04-08 11:51:34",groq_batch_2r_outputs.normalized,groq_batch_2r_outputs.normalized,
75,source_eecdf66d78e20dc9ce4b6b38a91a652ab5e0964d,https://www.reddit.com/r/beatles/comments/1cqqqkq/paul_mccartneys_final_letter_to_the_beatles_fan/,"Paul McCartney’s final letter to The Beatles Fan Club (1971)","2026-04-08 11:51:34",groq_batch_2r_outputs.normalized,groq_batch_2r_outputs.normalized,
